id,generation_id,local_language_id,name
1,1,1,はたく
1,1,3,막치기
1,1,5,Écras'Face
1,1,6,Pfund
1,1,7,Destructor
1,1,8,Botta
1,1,9,Pound
2,1,1,からてチョップ
2,1,3,태권당수
2,1,5,Poing-Karaté
2,1,6,Karateschlag
2,1,7,Golpe Kárate
2,1,8,Colpokarate
2,1,9,Karate Chop
3,1,1,おうふくビンタ
3,1,3,연속뺨치기
3,1,5,Torgnoles
3,1,6,Duplexhieb
3,1,7,Doble Bofetón
3,1,8,Doppiasberla
3,1,9,Double Slap
4,1,1,れんぞくパンチ
4,1,3,연속펀치
4,1,5,Poing Comète
4,1,6,Kometenhieb
4,1,7,Puño Cometa
4,1,8,Cometapugno
4,1,9,Comet Punch
5,1,1,メガトンパンチ
5,1,3,메가톤펀치
5,1,5,Ultimapoing
5,1,6,Megahieb
5,1,7,Megapuño
5,1,8,Megapugno
5,1,9,Mega Punch
6,1,1,ネコにこばん
6,1,3,고양이돈받기
6,1,5,Jackpot
6,1,6,Zahltag
6,1,7,Día de Pago
6,1,8,Giornopaga
6,1,9,Pay Day
7,1,1,ほのおのパンチ
7,1,3,불꽃펀치
7,1,5,Poing de Feu
7,1,6,Feuerschlag
7,1,7,Puño Fuego
7,1,8,Fuocopugno
7,1,9,Fire Punch
8,1,1,れいとうパンチ
8,1,3,냉동펀치
8,1,5,Poing-Glace
8,1,6,Eishieb
8,1,7,Puño Hielo
8,1,8,Gelopugno
8,1,9,Ice Punch
9,1,1,かみなりパンチ
9,1,3,번개펀치
9,1,5,Poing-Éclair
9,1,6,Donnerschlag
9,1,7,Puño Trueno
9,1,8,Tuonopugno
9,1,9,Thunder Punch
10,1,1,ひっかく
10,1,3,할퀴기
10,1,5,Griffe
10,1,6,Kratzer
10,1,7,Arañazo
10,1,8,Graffio
10,1,9,Scratch
11,1,1,はさむ
11,1,3,찝기
11,1,5,Force Poigne
11,1,6,Klammer
11,1,7,Agarre
11,1,8,Presa
11,1,9,Vice Grip
12,1,1,ハサミギロチン
12,1,3,가위자르기
12,1,5,Guillotine
12,1,6,Guillotine
12,1,7,Guillotina
12,1,8,Ghigliottina
12,1,9,Guillotine
13,1,1,かまいたち
13,1,3,칼바람
13,1,5,Coupe-Vent
13,1,6,Klingensturm
13,1,7,Viento Cortante
13,1,8,Ventagliente
13,1,9,Razor Wind
14,1,1,つるぎのまい
14,1,3,칼춤
14,1,5,Danse-Lames
14,1,6,Schwerttanz
14,1,7,Danza Espada
14,1,8,Danzaspada
14,1,9,Swords Dance
15,1,1,いあいぎり
15,1,3,풀베기
15,1,5,Coupe
15,1,6,Zerschneider
15,1,7,Corte
15,1,8,Taglio
15,1,9,Cut
16,1,1,かぜおこし
16,1,3,바람일으키기
16,1,5,Tornade
16,1,6,Windstoß
16,1,7,Tornado
16,1,8,Raffica
16,1,9,Gust
17,1,1,つばさでうつ
17,1,3,날개치기
17,1,5,Cru-Aile
17,1,6,Flügelschlag
17,1,7,Ataque Ala
17,1,8,Attacco d'Ala
17,1,9,Wing Attack
18,1,1,ふきとばし
18,1,3,날려버리기
18,1,5,Cyclone
18,1,6,Wirbelwind
18,1,7,Remolino
18,1,8,Turbine
18,1,9,Whirlwind
19,1,1,そらをとぶ
19,1,3,공중날기
19,1,5,Vol
19,1,6,Fliegen
19,1,7,Vuelo
19,1,8,Volo
19,1,9,Fly
20,1,1,しめつける
20,1,3,조이기
20,1,5,Étreinte
20,1,6,Klammergriff
20,1,7,Atadura
20,1,8,Legatutto
20,1,9,Bind
21,1,1,たたきつける
21,1,3,힘껏치기
21,1,5,Souplesse
21,1,6,Slam
21,1,7,Atizar
21,1,8,Schianto
21,1,9,Slam
22,1,1,つるのムチ
22,1,3,덩굴채찍
22,1,5,Fouet Lianes
22,1,6,Rankenhieb
22,1,7,Látigo Cepa
22,1,8,Frustata
22,1,9,Vine Whip
23,1,1,ふみつけ
23,1,3,짓밟기
23,1,5,Écrasement
23,1,6,Stampfer
23,1,7,Pisotón
23,1,8,Pestone
23,1,9,Stomp
24,1,1,にどげり
24,1,3,두번치기
24,1,5,Double Pied
24,1,6,Doppelkick
24,1,7,Doble Patada
24,1,8,Doppiocalcio
24,1,9,Double Kick
25,1,1,メガトンキック
25,1,3,메가톤킥
25,1,5,Ultimawashi
25,1,6,Megakick
25,1,7,Megapatada
25,1,8,Megacalcio
25,1,9,Mega Kick
26,1,1,とびげり
26,1,3,점프킥
26,1,5,Pied Sauté
26,1,6,Sprungkick
26,1,7,Patada Salto
26,1,8,Calciosalto
26,1,9,Jump Kick
27,1,1,まわしげり
27,1,3,돌려차기
27,1,5,Mawashi Geri
27,1,6,Fegekick
27,1,7,Patada Giro
27,1,8,Calciorullo
27,1,9,Rolling Kick
28,1,1,すなかけ
28,1,3,모래뿌리기
28,1,5,Jet de Sable
28,1,6,Sandwirbel
28,1,7,Ataque Arena
28,1,8,Turbosabbia
28,1,9,Sand Attack
29,1,1,ずつき
29,1,3,박치기
29,1,5,Coup d'Boule
29,1,6,Kopfnuss
29,1,7,Golpe Cabeza
29,1,8,Bottintesta
29,1,9,Headbutt
30,1,1,つのでつく
30,1,3,뿔찌르기
30,1,5,Koud'Korne
30,1,6,Hornattacke
30,1,7,Cornada
30,1,8,Incornata
30,1,9,Horn Attack
31,1,1,みだれづき
31,1,3,마구찌르기
31,1,5,Furie
31,1,6,Furienschlag
31,1,7,Ataque Furia
31,1,8,Furia
31,1,9,Fury Attack
32,1,1,つのドリル
32,1,3,뿔드릴
32,1,5,Empal'Korne
32,1,6,Hornbohrer
32,1,7,Perforador
32,1,8,Perforcorno
32,1,9,Horn Drill
33,1,1,たいあたり
33,1,3,몸통박치기
33,1,5,Charge
33,1,6,Tackle
33,1,7,Placaje
33,1,8,Azione
33,1,9,Tackle
34,1,1,のしかかり
34,1,3,누르기
34,1,5,Plaquage
34,1,6,Bodyslam
34,1,7,Golpe Cuerpo
34,1,8,Corposcontro
34,1,9,Body Slam
35,1,1,まきつく
35,1,3,김밥말이
35,1,5,Ligotage
35,1,6,Wickel
35,1,7,Constricción
35,1,8,Avvolgibotta
35,1,9,Wrap
36,1,1,とっしん
36,1,3,돌진
36,1,5,Bélier
36,1,6,Bodycheck
36,1,7,Derribo
36,1,8,Riduttore
36,1,9,Take Down
37,1,1,あばれる
37,1,3,난동부리기
37,1,5,Mania
37,1,6,Fuchtler
37,1,7,Golpe
37,1,8,Colpo
37,1,9,Thrash
38,1,1,すてみタックル
38,1,3,이판사판태클
38,1,5,Damoclès
38,1,6,Risikotackle
38,1,7,Doble Filo
38,1,8,Sdoppiatore
38,1,9,Double-Edge
39,1,1,しっぽをふる
39,1,3,꼬리흔들기
39,1,5,Mimi-Queue
39,1,6,Rutenschlag
39,1,7,Látigo
39,1,8,Colpocoda
39,1,9,Tail Whip
40,1,1,どくばり
40,1,3,독침
40,1,5,Dard-Venin
40,1,6,Giftstachel
40,1,7,Picotazo Ven
40,1,8,Velenospina
40,1,9,Poison Sting
41,1,1,ダブルニードル
41,1,3,더블니들
41,1,5,Double-Dard
41,1,6,Duonadel
41,1,7,Doble Ataque
41,1,8,Doppio Ago
41,1,9,Twineedle
42,1,1,ミサイルばり
42,1,3,바늘미사일
42,1,5,Dard-Nuée
42,1,6,Nadelrakete
42,1,7,Pin Misil
42,1,8,Missilspillo
42,1,9,Pin Missile
43,1,1,にらみつける
43,1,3,째려보기
43,1,5,Groz'Yeux
43,1,6,Silberblick
43,1,7,Malicioso
43,1,8,Fulmisguardo
43,1,9,Leer
44,1,1,かみつく
44,1,3,물기
44,1,5,Morsure
44,1,6,Biss
44,1,7,Mordisco
44,1,8,Morso
44,1,9,Bite
45,1,1,なきごえ
45,1,3,울음소리
45,1,5,Rugissement
45,1,6,Heuler
45,1,7,Gruñido
45,1,8,Ruggito
45,1,9,Growl
46,1,1,ほえる
46,1,3,울부짖기
46,1,5,Hurlement
46,1,6,Brüller
46,1,7,Rugido
46,1,8,Boato
46,1,9,Roar
47,1,1,うたう
47,1,3,노래하기
47,1,5,Berceuse
47,1,6,Gesang
47,1,7,Canto
47,1,8,Canto
47,1,9,Sing
48,1,1,ちょうおんぱ
48,1,3,초음파
48,1,5,Ultrason
48,1,6,Superschall
48,1,7,Supersónico
48,1,8,Supersuono
48,1,9,Supersonic
49,1,1,ソニックブーム
49,1,3,소닉붐
49,1,5,Sonicboom
49,1,6,Ultraschall
49,1,7,Bomba Sónica
49,1,8,Sonicboom
49,1,9,Sonic Boom
50,1,1,かなしばり
50,1,3,사슬묶기
50,1,5,Entrave
50,1,6,Aussetzer
50,1,7,Anulación
50,1,8,Inibitore
50,1,9,Disable
51,1,1,ようかいえき
51,1,3,용해액
51,1,5,Acide
51,1,6,Säure
51,1,7,Ácido
51,1,8,Acido
51,1,9,Acid
52,1,1,ひのこ
52,1,3,불꽃세례
52,1,5,Flammèche
52,1,6,Glut
52,1,7,Ascuas
52,1,8,Braciere
52,1,9,Ember
53,1,1,かえんほうしゃ
53,1,3,화염방사
53,1,5,Lance-Flammes
53,1,6,Flammenwurf
53,1,7,Lanzallamas
53,1,8,Lanciafiamme
53,1,9,Flamethrower
54,1,1,しろいきり
54,1,3,흰안개
54,1,5,Brume
54,1,6,Weißnebel
54,1,7,Neblina
54,1,8,Nebbia
54,1,9,Mist
55,1,1,みずでっぽう
55,1,3,물대포
55,1,5,Pistolet à O
55,1,6,Aquaknarre
55,1,7,Pistola Agua
55,1,8,Pistolacqua
55,1,9,Water Gun
56,1,1,ハイドロポンプ
56,1,3,하이드로펌프
56,1,5,Hydrocanon
56,1,6,Hydropumpe
56,1,7,Hidrobomba
56,1,8,Idropompa
56,1,9,Hydro Pump
57,1,1,なみのり
57,1,3,파도타기
57,1,5,Surf
57,1,6,Surfer
57,1,7,Surf
57,1,8,Surf
57,1,9,Surf
58,1,1,れいとうビーム
58,1,3,냉동빔
58,1,5,Laser Glace
58,1,6,Eisstrahl
58,1,7,Rayo Hielo
58,1,8,Geloraggio
58,1,9,Ice Beam
59,1,1,ふぶき
59,1,3,눈보라
59,1,5,Blizzard
59,1,6,Blizzard
59,1,7,Ventisca
59,1,8,Bora
59,1,9,Blizzard
60,1,1,サイケこうせん
60,1,3,환상빔
60,1,5,Rafale Psy
60,1,6,Psystrahl
60,1,7,Psicorrayo
60,1,8,Psicoraggio
60,1,9,Psybeam
61,1,1,バブルこうせん
61,1,3,거품광선
61,1,5,Bulles d'O
61,1,6,Blubbstrahl
61,1,7,Rayo Burbuja
61,1,8,Bollaraggio
61,1,9,Bubble Beam
62,1,1,オーロラビーム
62,1,3,오로라빔
62,1,5,Onde Boréale
62,1,6,Aurorastrahl
62,1,7,Rayo Aurora
62,1,8,Raggiaurora
62,1,9,Aurora Beam
63,1,1,はかいこうせん
63,1,3,파괴광선
63,1,5,Ultralaser
63,1,6,Hyperstrahl
63,1,7,Hiperrayo
63,1,8,Iper Raggio
63,1,9,Hyper Beam
64,1,1,つつく
64,1,3,쪼기
64,1,5,Picpic
64,1,6,Schnabel
64,1,7,Picotazo
64,1,8,Beccata
64,1,9,Peck
65,1,1,ドリルくちばし
65,1,3,회전부리
65,1,5,Bec Vrille
65,1,6,Bohrschnabel
65,1,7,Pico Taladro
65,1,8,Perforbecco
65,1,9,Drill Peck
66,1,1,じごくぐるま
66,1,3,지옥의바퀴
66,1,5,Sacrifice
66,1,6,Überroller
66,1,7,Sumisión
66,1,8,Sottomissione
66,1,9,Submission
67,1,1,けたぐり
67,1,3,안다리걸기
67,1,5,Balayage
67,1,6,Fußkick
67,1,7,Patada Baja
67,1,8,Colpo Basso
67,1,9,Low Kick
68,1,1,カウンター
68,1,3,카운터
68,1,5,Riposte
68,1,6,Konter
68,1,7,Contraataque
68,1,8,Contrattacco
68,1,9,Counter
69,1,1,ちきゅうなげ
69,1,3,지구던지기
69,1,5,Frappe Atlas
69,1,6,Geowurf
69,1,7,Mov. Sísmico
69,1,8,Movim. Sismico
69,1,9,Seismic Toss
70,1,1,かいりき
70,1,3,괴력
70,1,5,Force
70,1,6,Stärke
70,1,7,Fuerza
70,1,8,Forza
70,1,9,Strength
71,1,1,すいとる
71,1,3,흡수
71,1,5,Vol-Vie
71,1,6,Absorber
71,1,7,Absorber
71,1,8,Assorbimento
71,1,9,Absorb
72,1,1,メガドレイン
72,1,3,메가드레인
72,1,5,Méga-Sangsue
72,1,6,Megasauger
72,1,7,Megaagotar
72,1,8,Megassorbimento
72,1,9,Mega Drain
73,1,1,やどりぎのタネ
73,1,3,씨뿌리기
73,1,5,Vampigraine
73,1,6,Egelsamen
73,1,7,Drenadoras
73,1,8,Parassiseme
73,1,9,Leech Seed
74,1,1,せいちょう
74,1,3,성장
74,1,5,Croissance
74,1,6,Wachstum
74,1,7,Desarrollo
74,1,8,Crescita
74,1,9,Growth
75,1,1,はっぱカッター
75,1,3,잎날가르기
75,1,5,Tranch'Herbe
75,1,6,Rasierblatt
75,1,7,Hoja Afilada
75,1,8,Foglielama
75,1,9,Razor Leaf
76,1,1,ソーラービーム
76,1,3,솔라빔
76,1,5,Lance-Soleil
76,1,6,Solarstrahl
76,1,7,Rayo Solar
76,1,8,Solarraggio
76,1,9,Solar Beam
77,1,1,どくのこな
77,1,3,독가루
77,1,5,Poudre Toxik
77,1,6,Giftpuder
77,1,7,Polvo Veneno
77,1,8,Velenpolvere
77,1,9,Poison Powder
78,1,1,しびれごな
78,1,3,저리가루
78,1,5,Para-Spore
78,1,6,Stachelspore
78,1,7,Paralizador
78,1,8,Paralizzante
78,1,9,Stun Spore
79,1,1,ねむりごな
79,1,3,수면가루
79,1,5,Poudre Dodo
79,1,6,Schlafpuder
79,1,7,Somnífero
79,1,8,Sonnifero
79,1,9,Sleep Powder
80,1,1,はなびらのまい
80,1,3,꽃잎댄스
80,1,5,Danse-Fleur
80,1,6,Blättertanz
80,1,7,Danza Pétalo
80,1,8,Petalodanza
80,1,9,Petal Dance
81,1,1,いとをはく
81,1,3,실뿜기
81,1,5,Sécrétion
81,1,6,Fadenschuss
81,1,7,Disparo Demora
81,1,8,Millebave
81,1,9,String Shot
82,1,1,りゅうのいかり
82,1,3,용의분노
82,1,5,Draco-Rage
82,1,6,Drachenwut
82,1,7,Furia Dragón
82,1,8,Ira di Drago
82,1,9,Dragon Rage
83,1,1,ほのおのうず
83,1,3,회오리불꽃
83,1,5,Danse Flamme
83,1,6,Feuerwirbel
83,1,7,Giro Fuego
83,1,8,Turbofuoco
83,1,9,Fire Spin
84,1,1,でんきショック
84,1,3,전기쇼크
84,1,5,Éclair
84,1,6,Donnerschock
84,1,7,Impactrueno
84,1,8,Tuonoshock
84,1,9,Thunder Shock
85,1,1,１０まんボルト
85,1,3,10만볼트
85,1,5,Tonnerre
85,1,6,Donnerblitz
85,1,7,Rayo
85,1,8,Fulmine
85,1,9,Thunderbolt
86,1,1,でんじは
86,1,3,전기자석파
86,1,5,Cage-Éclair
86,1,6,Donnerwelle
86,1,7,Onda Trueno
86,1,8,Tuononda
86,1,9,Thunder Wave
87,1,1,かみなり
87,1,3,번개
87,1,5,Fatal-Foudre
87,1,6,Donner
87,1,7,Trueno
87,1,8,Tuono
87,1,9,Thunder
88,1,1,いわおとし
88,1,3,돌떨구기
88,1,5,Jet-Pierres
88,1,6,Steinwurf
88,1,7,Lanzarrocas
88,1,8,Sassata
88,1,9,Rock Throw
89,1,1,じしん
89,1,3,지진
89,1,5,Séisme
89,1,6,Erdbeben
89,1,7,Terremoto
89,1,8,Terremoto
89,1,9,Earthquake
90,1,1,じわれ
90,1,3,땅가르기
90,1,5,Abîme
90,1,6,Geofissur
90,1,7,Fisura
90,1,8,Abisso
90,1,9,Fissure
91,1,1,あなをほる
91,1,3,구멍파기
91,1,5,Tunnel
91,1,6,Schaufler
91,1,7,Excavar
91,1,8,Fossa
91,1,9,Dig
92,1,1,どくどく
92,1,3,맹독
92,1,5,Toxik
92,1,6,Toxin
92,1,7,Tóxico
92,1,8,Tossina
92,1,9,Toxic
93,1,1,ねんりき
93,1,3,염동력
93,1,5,Choc Mental
93,1,6,Konfusion
93,1,7,Confusión
93,1,8,Confusione
93,1,9,Confusion
94,1,1,サイコキネシス
94,1,3,사이코키네시스
94,1,5,Psyko
94,1,6,Psychokinese
94,1,7,Psíquico
94,1,8,Psichico
94,1,9,Psychic
95,1,1,さいみんじゅつ
95,1,3,최면술
95,1,5,Hypnose
95,1,6,Hypnose
95,1,7,Hipnosis
95,1,8,Ipnosi
95,1,9,Hypnosis
96,1,1,ヨガのポーズ
96,1,3,요가포즈
96,1,5,Yoga
96,1,6,Meditation
96,1,7,Meditación
96,1,8,Meditazione
96,1,9,Meditate
97,1,1,こうそくいどう
97,1,3,고속이동
97,1,5,Hâte
97,1,6,Agilität
97,1,7,Agilidad
97,1,8,Agilità
97,1,9,Agility
98,1,1,でんこうせっか
98,1,3,전광석화
98,1,5,Vive-Attaque
98,1,6,Ruckzuckhieb
98,1,7,Ataque Rápido
98,1,8,Attacco Rapido
98,1,9,Quick Attack
99,1,1,いかり
99,1,3,분노
99,1,5,Frénésie
99,1,6,Raserei
99,1,7,Furia
99,1,8,Ira
99,1,9,Rage
100,1,1,テレポート
100,1,3,순간이동
100,1,5,Téléport
100,1,6,Teleport
100,1,7,Teletransporte
100,1,8,Teletrasporto
100,1,9,Teleport
101,1,1,ナイトヘッド
101,1,3,나이트헤드
101,1,5,Ombre Nocturne
101,1,6,Nachtnebel
101,1,7,Tinieblas
101,1,8,Ombra Notturna
101,1,9,Night Shade
102,1,1,ものまね
102,1,3,흉내내기
102,1,5,Copie
102,1,6,Mimikry
102,1,7,Mimético
102,1,8,Mimica
102,1,9,Mimic
103,1,1,いやなおと
103,1,3,싫은소리
103,1,5,Grincement
103,1,6,Kreideschrei
103,1,7,Chirrido
103,1,8,Stridio
103,1,9,Screech
104,1,1,かげぶんしん
104,1,3,그림자분신
104,1,5,Reflet
104,1,6,Doppelteam
104,1,7,Doble Equipo
104,1,8,Doppioteam
104,1,9,Double Team
105,1,1,じこさいせい
105,1,3,HP회복
105,1,5,Soin
105,1,6,Genesung
105,1,7,Recuperación
105,1,8,Ripresa
105,1,9,Recover
106,1,1,かたくなる
106,1,3,단단해지기
106,1,5,Armure
106,1,6,Härtner
106,1,7,Fortaleza
106,1,8,Rafforzatore
106,1,9,Harden
107,1,1,ちいさくなる
107,1,3,작아지기
107,1,5,Lilliput
107,1,6,Komprimator
107,1,7,Reducción
107,1,8,Minimizzato
107,1,9,Minimize
108,1,1,えんまく
108,1,3,연막
108,1,5,Brouillard
108,1,6,Rauchwolke
108,1,7,Pantalla de Humo
108,1,8,Muro di Fumo
108,1,9,Smokescreen
109,1,1,あやしいひかり
109,1,3,이상한빛
109,1,5,Onde Folie
109,1,6,Konfustrahl
109,1,7,Rayo Confuso
109,1,8,Stordiraggio
109,1,9,Confuse Ray
110,1,1,からにこもる
110,1,3,껍질에숨기
110,1,5,Repli
110,1,6,Panzerschutz
110,1,7,Refugio
110,1,8,Ritirata
110,1,9,Withdraw
111,1,1,まるくなる
111,1,3,웅크리기
111,1,5,Boul'Armure
111,1,6,Einigler
111,1,7,Rizo Defensa
111,1,8,Ricciolscudo
111,1,9,Defense Curl
112,1,1,バリアー
112,1,3,배리어
112,1,5,Bouclier
112,1,6,Barriere
112,1,7,Barrera
112,1,8,Barriera
112,1,9,Barrier
113,1,1,ひかりのかべ
113,1,3,빛의장막
113,1,5,Mur Lumière
113,1,6,Lichtschild
113,1,7,Pantalla de Luz
113,1,8,Schermoluce
113,1,9,Light Screen
114,1,1,くろいきり
114,1,3,흑안개
114,1,5,Buée Noire
114,1,6,Dunkelnebel
114,1,7,Niebla
114,1,8,Nube
114,1,9,Haze
115,1,1,リフレクター
115,1,3,리플렉터
115,1,5,Protection
115,1,6,Reflektor
115,1,7,Reflejo
115,1,8,Riflesso
115,1,9,Reflect
116,1,1,きあいだめ
116,1,3,기충전
116,1,5,Puissance
116,1,6,Energiefokus
116,1,7,Foco Energía
116,1,8,Focalenergia
116,1,9,Focus Energy
117,1,1,がまん
117,1,3,참기
117,1,5,Patience
117,1,6,Geduld
117,1,7,Venganza
117,1,8,Pazienza
117,1,9,Bide
118,1,1,ゆびをふる
118,1,3,손가락흔들기
118,1,5,Métronome
118,1,6,Metronom
118,1,7,Metrónomo
118,1,8,Metronomo
118,1,9,Metronome
119,1,1,オウムがえし
119,1,3,따라하기
119,1,5,Mimique
119,1,6,Spiegeltrick
119,1,7,Mov. Espejo
119,1,8,Speculmossa
119,1,9,Mirror Move
120,1,1,じばく
120,1,3,자폭
120,1,5,Destruction
120,1,6,Finale
120,1,7,Autodestrucción
120,1,8,Autodistruzione
120,1,9,Self-Destruct
121,1,1,タマゴばくだん
121,1,3,알폭탄
121,1,5,Bomb'Œuf
121,1,6,Eierbombe
121,1,7,Bomba Huevo
121,1,8,Uovobomba
121,1,9,Egg Bomb
122,1,1,したでなめる
122,1,3,핥기
122,1,5,Léchouille
122,1,6,Schlecker
122,1,7,Lengüetazo
122,1,8,Leccata
122,1,9,Lick
123,1,1,スモッグ
123,1,3,스모그
123,1,5,Purédpois
123,1,6,Smog
123,1,7,Polución
123,1,8,Smog
123,1,9,Smog
124,1,1,ヘドロこうげき
124,1,3,오물공격
124,1,5,Détritus
124,1,6,Schlammbad
124,1,7,Residuos
124,1,8,Fango
124,1,9,Sludge
125,1,1,ホネこんぼう
125,1,3,뼈다귀치기
125,1,5,Massd'Os
125,1,6,Knochenkeule
125,1,7,Hueso Palo
125,1,8,Ossoclava
125,1,9,Bone Club
126,1,1,だいもんじ
126,1,3,불대문자
126,1,5,Déflagration
126,1,6,Feuersturm
126,1,7,Llamarada
126,1,8,Fuocobomba
126,1,9,Fire Blast
127,1,1,たきのぼり
127,1,3,폭포오르기
127,1,5,Cascade
127,1,6,Kaskade
127,1,7,Cascada
127,1,8,Cascata
127,1,9,Waterfall
128,1,1,からではさむ
128,1,3,껍질끼우기
128,1,5,Claquoir
128,1,6,Schnapper
128,1,7,Tenaza
128,1,8,Tenaglia
128,1,9,Clamp
129,1,1,スピードスター
129,1,3,스피드스타
129,1,5,Météores
129,1,6,Sternschauer
129,1,7,Rapidez
129,1,8,Comete
129,1,9,Swift
130,1,1,ロケットずつき
130,1,3,로케트박치기
130,1,5,Coud'Krâne
130,1,6,Schädelwumme
130,1,7,Cabezazo
130,1,8,Capocciata
130,1,9,Skull Bash
131,1,1,とげキャノン
131,1,3,가시대포
131,1,5,Picanon
131,1,6,Dornkanone
131,1,7,Clavo Cañón
131,1,8,Sparalance
131,1,9,Spike Cannon
132,1,1,からみつく
132,1,3,휘감기
132,1,5,Constriction
132,1,6,Umklammerung
132,1,7,Restricción
132,1,8,Limitazione
132,1,9,Constrict
133,1,1,ドわすれ
133,1,3,망각술
133,1,5,Amnésie
133,1,6,Amnesie
133,1,7,Amnesia
133,1,8,Amnesia
133,1,9,Amnesia
134,1,1,スプーンまげ
134,1,3,숟가락휘기
134,1,5,Télékinésie
134,1,6,Psykraft
134,1,7,Kinético
134,1,8,Cinèsi
134,1,9,Kinesis
135,1,1,タマゴうみ
135,1,3,알낳기
135,1,5,E-Coque
135,1,6,Weichei
135,1,7,Amortiguador
135,1,8,Covauova
135,1,9,Soft-Boiled
136,1,1,とびひざげり
136,1,3,무릎차기
136,1,5,Pied Voltige
136,1,6,Turmkick
136,1,7,Pat. Salto Alta
136,1,8,Calcinvolo
136,1,9,High Jump Kick
137,1,1,へびにらみ
137,1,3,뱀눈초리
137,1,5,Regard Médusant
137,1,6,Giftblick
137,1,7,Deslumbrar
137,1,8,Sguardo Feroce
137,1,9,Glare
138,1,1,ゆめくい
138,1,3,꿈먹기
138,1,5,Dévorêve
138,1,6,Traumfresser
138,1,7,Come Sueños
138,1,8,Mangiasogni
138,1,9,Dream Eater
139,1,1,どくガス
139,1,3,독가스
139,1,5,Gaz Toxik
139,1,6,Giftwolke
139,1,7,Gas Venenoso
139,1,8,Velenogas
139,1,9,Poison Gas
140,1,1,たまなげ
140,1,3,구슬던지기
140,1,5,Pilonnage
140,1,6,Stakkato
140,1,7,Presa
140,1,8,Attacco Pioggia
140,1,9,Barrage
141,1,1,きゅうけつ
141,1,3,흡혈
141,1,5,Vampirisme
141,1,6,Blutsauger
141,1,7,Chupavidas
141,1,8,Sanguisuga
141,1,9,Leech Life
142,1,1,あくまのキッス
142,1,3,악마의키스
142,1,5,Grobisou
142,1,6,Todeskuss
142,1,7,Beso Amoroso
142,1,8,Demonbacio
142,1,9,Lovely Kiss
143,1,1,ゴッドバード
143,1,3,불새
143,1,5,Piqué
143,1,6,Himmelsfeger
143,1,7,Ataque Aéreo
143,1,8,Aeroattacco
143,1,9,Sky Attack
144,1,1,へんしん
144,1,3,변신
144,1,5,Morphing
144,1,6,Wandler
144,1,7,Transformación
144,1,8,Trasformazione
144,1,9,Transform
145,1,1,あわ
145,1,3,거품
145,1,5,Écume
145,1,6,Blubber
145,1,7,Burbuja
145,1,8,Bolla
145,1,9,Bubble
146,1,1,ピヨピヨパンチ
146,1,3,잼잼펀치
146,1,5,Uppercut
146,1,6,Irrschlag
146,1,7,Puño Mareo
146,1,8,Stordipugno
146,1,9,Dizzy Punch
147,1,1,キノコのほうし
147,1,3,버섯포자
147,1,5,Spore
147,1,6,Pilzspore
147,1,7,Espora
147,1,8,Spora
147,1,9,Spore
148,1,1,フラッシュ
148,1,3,플래시
148,1,5,Flash
148,1,6,Blitz
148,1,7,Destello
148,1,8,Flash
148,1,9,Flash
149,1,1,サイコウェーブ
149,1,3,사이코웨이브
149,1,5,Vague Psy
149,1,6,Psywelle
149,1,7,Psicoonda
149,1,8,Psiconda
149,1,9,Psywave
150,1,1,はねる
150,1,3,튀어오르기
150,1,5,Trempette
150,1,6,Platscher
150,1,7,Salpicadura
150,1,8,Splash
150,1,9,Splash
151,1,1,とける
151,1,3,녹기
151,1,5,Acidarmure
151,1,6,Säurepanzer
151,1,7,Armadura Ácida
151,1,8,Scudo Acido
151,1,9,Acid Armor
152,1,1,クラブハンマー
152,1,3,찝게햄머
152,1,5,Pince-Masse
152,1,6,Krabbhammer
152,1,7,Martillazo
152,1,8,Martellata
152,1,9,Crabhammer
153,1,1,だいばくはつ
153,1,3,대폭발
153,1,5,Explosion
153,1,6,Explosion
153,1,7,Explosión
153,1,8,Esplosione
153,1,9,Explosion
154,1,1,みだれひっかき
154,1,3,마구할퀴기
154,1,5,Combo-Griffe
154,1,6,Kratzfurie
154,1,7,Golpes Furia
154,1,8,Sfuriate
154,1,9,Fury Swipes
155,1,1,ホネブーメラン
155,1,3,뼈다귀부메랑
155,1,5,Osmerang
155,1,6,Knochmerang
155,1,7,Huesomerang
155,1,8,Ossomerang
155,1,9,Bonemerang
156,1,1,ねむる
156,1,3,잠자기
156,1,5,Repos
156,1,6,Erholung
156,1,7,Descanso
156,1,8,Riposo
156,1,9,Rest
157,1,1,いわなだれ
157,1,3,스톤샤워
157,1,5,Éboulement
157,1,6,Steinhagel
157,1,7,Avalancha
157,1,8,Frana
157,1,9,Rock Slide
158,1,1,ひっさつまえば
158,1,3,필살앞니
158,1,5,Croc de Mort
158,1,6,Hyperzahn
158,1,7,Hipercolmillo
158,1,8,Iperzanna
158,1,9,Hyper Fang
159,1,1,かくばる
159,1,3,각지기
159,1,5,Affûtage
159,1,6,Schärfer
159,1,7,Afilar
159,1,8,Affilatore
159,1,9,Sharpen
160,1,1,テクスチャー
160,1,3,텍스처
160,1,5,Conversion
160,1,6,Umwandlung
160,1,7,Conversión
160,1,8,Conversione
160,1,9,Conversion
161,1,1,トライアタック
161,1,3,트라이어택
161,1,5,Triplattaque
161,1,6,Triplette
161,1,7,Triataque
161,1,8,Tripletta
161,1,9,Tri Attack
162,1,1,いかりのまえば
162,1,3,분노의앞니
162,1,5,Croc Fatal
162,1,6,Superzahn
162,1,7,Superdiente
162,1,8,Superzanna
162,1,9,Super Fang
163,1,1,きりさく
163,1,3,베어가르기
163,1,5,Tranche
163,1,6,Schlitzer
163,1,7,Cuchillada
163,1,8,Lacerazione
163,1,9,Slash
164,1,1,みがわり
164,1,3,대타출동
164,1,5,Clonage
164,1,6,Delegator
164,1,7,Sustituto
164,1,8,Sostituto
164,1,9,Substitute
165,1,1,わるあがき
165,1,3,발버둥
165,1,5,Lutte
165,1,6,Verzweifler
165,1,7,Combate
165,1,8,Scontro
165,1,9,Struggle
166,2,1,スケッチ
166,2,3,스케치
166,2,5,Gribouille
166,2,6,Nachahmer
166,2,7,Esquema
166,2,8,Schizzo
166,2,9,Sketch
167,2,1,トリプルキック
167,2,3,트리플킥
167,2,5,Triple Pied
167,2,6,Dreifachkick
167,2,7,Triple Patada
167,2,8,Triplocalcio
167,2,9,Triple Kick
168,2,1,どろぼう
168,2,3,도둑질
168,2,5,Larcin
168,2,6,Raub
168,2,7,Ladrón
168,2,8,Furto
168,2,9,Thief
169,2,1,クモのす
169,2,3,거미집
169,2,5,Toile
169,2,6,Spinnennetz
169,2,7,Telaraña
169,2,8,Ragnatela
169,2,9,Spider Web
170,2,1,こころのめ
170,2,3,마음의눈
170,2,5,Lire-Esprit
170,2,6,Willensleser
170,2,7,Telépata
170,2,8,Leggimente
170,2,9,Mind Reader
171,2,1,あくむ
171,2,3,악몽
171,2,5,Cauchemar
171,2,6,Nachtmahr
171,2,7,Pesadilla
171,2,8,Incubo
171,2,9,Nightmare
172,2,1,かえんぐるま
172,2,3,화염자동차
172,2,5,Roue de Feu
172,2,6,Flammenrad
172,2,7,Rueda Fuego
172,2,8,Ruotafuoco
172,2,9,Flame Wheel
173,2,1,いびき
173,2,3,코골기
173,2,5,Ronflement
173,2,6,Schnarcher
173,2,7,Ronquido
173,2,8,Russare
173,2,9,Snore
174,2,1,のろい
174,2,3,저주
174,2,5,Malédiction
174,2,6,Fluch
174,2,7,Maldición
174,2,8,Maledizione
174,2,9,Curse
175,2,1,じたばた
175,2,3,바둥바둥
175,2,5,Fléau
175,2,6,Dreschflegel
175,2,7,Azote
175,2,8,Flagello
175,2,9,Flail
176,2,1,テクスチャー２
176,2,3,텍스처2
176,2,5,Conversion 2
176,2,6,Umwandlung2
176,2,7,Conversión2
176,2,8,Conversione2
176,2,9,Conversion 2
177,2,1,エアロブラスト
177,2,3,에어로블라스트
177,2,5,Aéroblast
177,2,6,Luftstoß
177,2,7,Aerochorro
177,2,8,Aerocolpo
177,2,9,Aeroblast
178,2,1,わたほうし
178,2,3,목화포자
178,2,5,Spore Coton
178,2,6,Baumwollsaat
178,2,7,Esporagodón
178,2,8,Cottonspora
178,2,9,Cotton Spore
179,2,1,きしかいせい
179,2,3,기사회생
179,2,5,Contre
179,2,6,Gegenschlag
179,2,7,Inversión
179,2,8,Contropiede
179,2,9,Reversal
180,2,1,うらみ
180,2,3,원한
180,2,5,Dépit
180,2,6,Groll
180,2,7,Rencor
180,2,8,Dispetto
180,2,9,Spite
181,2,1,こなゆき
181,2,3,눈싸라기
181,2,5,Poudreuse
181,2,6,Pulverschnee
181,2,7,Nieve Polvo
181,2,8,Polneve
181,2,9,Powder Snow
182,2,1,まもる
182,2,3,방어
182,2,5,Abri
182,2,6,Schutzschild
182,2,7,Protección
182,2,8,Protezione
182,2,9,Protect
183,2,1,マッハパンチ
183,2,3,마하펀치
183,2,5,Mach Punch
183,2,6,Tempohieb
183,2,7,Ultrapuño
183,2,8,Pugnorapido
183,2,9,Mach Punch
184,2,1,こわいかお
184,2,3,겁나는얼굴
184,2,5,Grimace
184,2,6,Grimasse
184,2,7,Cara Susto
184,2,8,Visotruce
184,2,9,Scary Face
185,2,1,だましうち
185,2,3,속여때리기
185,2,5,Feinte
185,2,6,Finte
185,2,7,Finta
185,2,8,Finta
185,2,9,Feint Attack
186,2,1,てんしのキッス
186,2,3,천사의키스
186,2,5,Doux Baiser
186,2,6,Bitterkuss
186,2,7,Beso Dulce
186,2,8,Dolcebacio
186,2,9,Sweet Kiss
187,2,1,はらだいこ
187,2,3,배북
187,2,5,Cognobidon
187,2,6,Bauchtrommel
187,2,7,Tambor
187,2,8,Panciamburo
187,2,9,Belly Drum
188,2,1,ヘドロばくだん
188,2,3,오물폭탄
188,2,5,Bomb-Beurk
188,2,6,Matschbombe
188,2,7,Bomba Lodo
188,2,8,Fangobomba
188,2,9,Sludge Bomb
189,2,1,どろかけ
189,2,3,진흙뿌리기
189,2,5,Coud'Boue
189,2,6,Lehmschelle
189,2,7,Bofetón Lodo
189,2,8,Fangosberla
189,2,9,Mud-Slap
190,2,1,オクタンほう
190,2,3,대포무노포
190,2,5,Octazooka
190,2,6,Octazooka
190,2,7,Pulpocañón
190,2,8,Octazooka
190,2,9,Octazooka
191,2,1,まきびし
191,2,3,압정뿌리기
191,2,5,Picots
191,2,6,Stachler
191,2,7,Púas
191,2,8,Punte
191,2,9,Spikes
192,2,1,でんじほう
192,2,3,전자포
192,2,5,Élecanon
192,2,6,Blitzkanone
192,2,7,Electrocañón
192,2,8,Falcecannone
192,2,9,Zap Cannon
193,2,1,みやぶる
193,2,3,꿰뚫어보기
193,2,5,Clairvoyance
193,2,6,Gesichte
193,2,7,Profecía
193,2,8,Preveggenza
193,2,9,Foresight
194,2,1,みちづれ
194,2,3,길동무
194,2,5,Prélèvem. Destin
194,2,6,Abgangsbund
194,2,7,Mismo Destino
194,2,8,Destinobbligato
194,2,9,Destiny Bond
195,2,1,ほろびのうた
195,2,3,멸망의노래
195,2,5,Requiem
195,2,6,Abgesang
195,2,7,Canto Mortal
195,2,8,Ultimocanto
195,2,9,Perish Song
196,2,1,こごえるかぜ
196,2,3,얼다바람
196,2,5,Vent Glace
196,2,6,Eissturm
196,2,7,Viento Hielo
196,2,8,Ventogelato
196,2,9,Icy Wind
197,2,1,みきり
197,2,3,판별
197,2,5,Détection
197,2,6,Scanner
197,2,7,Detección
197,2,8,Individua
197,2,9,Detect
198,2,1,ボーンラッシュ
198,2,3,본러쉬
198,2,5,Charge-Os
198,2,6,Knochenhatz
198,2,7,Ataque Óseo
198,2,8,Ossoraffica
198,2,9,Bone Rush
199,2,1,ロックオン
199,2,3,록온
199,2,5,Verrouillage
199,2,6,Zielschuss
199,2,7,Fijar Blanco
199,2,8,Localizza
199,2,9,Lock-On
200,2,1,げきりん
200,2,3,역린
200,2,5,Colère
200,2,6,Wutanfall
200,2,7,Enfado
200,2,8,Oltraggio
200,2,9,Outrage
201,2,1,すなあらし
201,2,3,모래바람
201,2,5,Tempête de Sable
201,2,6,Sandsturm
201,2,7,Tormenta Arena
201,2,8,Terrempesta
201,2,9,Sandstorm
202,2,1,ギガドレイン
202,2,3,기가드레인
202,2,5,Giga-Sangsue
202,2,6,Gigasauger
202,2,7,Gigadrenado
202,2,8,Gigassorbimento
202,2,9,Giga Drain
203,2,1,こらえる
203,2,3,버티기
203,2,5,Ténacité
203,2,6,Ausdauer
203,2,7,Aguante
203,2,8,Resistenza
203,2,9,Endure
204,2,1,あまえる
204,2,3,애교부리기
204,2,5,Charme
204,2,6,Charme
204,2,7,Encanto
204,2,8,Fascino
204,2,9,Charm
205,2,1,ころがる
205,2,3,구르기
205,2,5,Roulade
205,2,6,Walzer
205,2,7,Desenrollar
205,2,8,Rotolamento
205,2,9,Rollout
206,2,1,みねうち
206,2,3,칼등치기
206,2,5,Faux-Chage
206,2,6,Trugschlag
206,2,7,Falsotortazo
206,2,8,Falsofinale
206,2,9,False Swipe
207,2,1,いばる
207,2,3,뽐내기
207,2,5,Vantardise
207,2,6,Angeberei
207,2,7,Contoneo
207,2,8,Bullo
207,2,9,Swagger
208,2,1,ミルクのみ
208,2,3,우유마시기
208,2,5,Lait à Boire
208,2,6,Milchgetränk
208,2,7,Batido
208,2,8,Buonlatte
208,2,9,Milk Drink
209,2,1,スパーク
209,2,3,스파크
209,2,5,Étincelle
209,2,6,Funkensprung
209,2,7,Chispa
209,2,8,Scintilla
209,2,9,Spark
210,2,1,れんぞくぎり
210,2,3,연속자르기
210,2,5,Taillade
210,2,6,Zornklinge
210,2,7,Corte Furia
210,2,8,Tagliofuria
210,2,9,Fury Cutter
211,2,1,はがねのつばさ
211,2,3,강철날개
211,2,5,Aile d'Acier
211,2,6,Stahlflügel
211,2,7,Ala de Acero
211,2,8,Alacciaio
211,2,9,Steel Wing
212,2,1,くろいまなざし
212,2,3,검은눈빛
212,2,5,Regard Noir
212,2,6,Horrorblick
212,2,7,Mal de Ojo
212,2,8,Malosguardo
212,2,9,Mean Look
213,2,1,メロメロ
213,2,3,헤롱헤롱
213,2,5,Attraction
213,2,6,Anziehung
213,2,7,Atracción
213,2,8,Attrazione
213,2,9,Attract
214,2,1,ねごと
214,2,3,잠꼬대
214,2,5,Blabla Dodo
214,2,6,Schlafrede
214,2,7,Sonámbulo
214,2,8,Sonnolalia
214,2,9,Sleep Talk
215,2,1,いやしのすず
215,2,3,치료방울
215,2,5,Glas de Soin
215,2,6,Vitalglocke
215,2,7,Campana Cura
215,2,8,Rintoccasana
215,2,9,Heal Bell
216,2,1,おんがえし
216,2,3,은혜갚기
216,2,5,Retour
216,2,6,Rückkehr
216,2,7,Retribución
216,2,8,Ritorno
216,2,9,Return
217,2,1,プレゼント
217,2,3,프레젠트
217,2,5,Cadeau
217,2,6,Geschenk
217,2,7,Presente
217,2,8,Regalino
217,2,9,Present
218,2,1,やつあたり
218,2,3,화풀이
218,2,5,Frustration
218,2,6,Frustration
218,2,7,Frustración
218,2,8,Frustrazione
218,2,9,Frustration
219,2,1,しんぴのまもり
219,2,3,신비의부적
219,2,5,Rune Protect
219,2,6,Bodyguard
219,2,7,Velo Sagrado
219,2,8,Salvaguardia
219,2,9,Safeguard
220,2,1,いたみわけ
220,2,3,아픔나누기
220,2,5,Balance
220,2,6,Leidteiler
220,2,7,Divide Dolor
220,2,8,Malcomune
220,2,9,Pain Split
221,2,1,せいなるほのお
221,2,3,성스러운불꽃
221,2,5,Feu Sacré
221,2,6,Läuterfeuer
221,2,7,Fuego Sagrado
221,2,8,Magifuoco
221,2,9,Sacred Fire
222,2,1,マグニチュード
222,2,3,매그니튜드
222,2,5,Ampleur
222,2,6,Intensität
222,2,7,Magnitud
222,2,8,Magnitudo
222,2,9,Magnitude
223,2,1,ばくれつパンチ
223,2,3,폭발펀치
223,2,5,Dynamopoing
223,2,6,Wuchtschlag
223,2,7,Puño Dinámico
223,2,8,Dinamipugno
223,2,9,Dynamic Punch
224,2,1,メガホーン
224,2,3,메가폰
224,2,5,Mégacorne
224,2,6,Vielender
224,2,7,Megacuerno
224,2,8,Megacorno
224,2,9,Megahorn
225,2,1,りゅうのいぶき
225,2,3,용의숨결
225,2,5,Dracosouffle
225,2,6,Feuerodem
225,2,7,Dragoaliento
225,2,8,Dragospiro
225,2,9,Dragon Breath
226,2,1,バトンタッチ
226,2,3,바톤터치
226,2,5,Relais
226,2,6,Staffette
226,2,7,Relevo
226,2,8,Staffetta
226,2,9,Baton Pass
227,2,1,アンコール
227,2,3,앵콜
227,2,5,Encore
227,2,6,Zugabe
227,2,7,Otra Vez
227,2,8,Ripeti
227,2,9,Encore
228,2,1,おいうち
228,2,3,따라가때리기
228,2,5,Poursuite
228,2,6,Verfolgung
228,2,7,Persecución
228,2,8,Inseguimento
228,2,9,Pursuit
229,2,1,こうそくスピン
229,2,3,고속스핀
229,2,5,Tour Rapide
229,2,6,Turbodreher
229,2,7,Giro Rápido
229,2,8,Rapigiro
229,2,9,Rapid Spin
230,2,1,あまいかおり
230,2,3,달콤한향기
230,2,5,Doux Parfum
230,2,6,Lockduft
230,2,7,Dulce Aroma
230,2,8,Profumino
230,2,9,Sweet Scent
231,2,1,アイアンテール
231,2,3,아이언테일
231,2,5,Queue de Fer
231,2,6,Eisenschweif
231,2,7,Cola Férrea
231,2,8,Codacciaio
231,2,9,Iron Tail
232,2,1,メタルクロー
232,2,3,메탈크로우
232,2,5,Griffe Acier
232,2,6,Metallklaue
232,2,7,Garra Metal
232,2,8,Ferrartigli
232,2,9,Metal Claw
233,2,1,あてみなげ
233,2,3,받아던지기
233,2,5,Corps Perdu
233,2,6,Überwurf
233,2,7,Tiro Vital
233,2,8,Vitaltiro
233,2,9,Vital Throw
234,2,1,あさのひざし
234,2,3,아침햇살
234,2,5,Aurore
234,2,6,Morgengrauen
234,2,7,Sol Matinal
234,2,8,Mattindoro
234,2,9,Morning Sun
235,2,1,こうごうせい
235,2,3,광합성
235,2,5,Synthèse
235,2,6,Synthese
235,2,7,Síntesis
235,2,8,Sintesi
235,2,9,Synthesis
236,2,1,つきのひかり
236,2,3,달의불빛
236,2,5,Rayon Lune
236,2,6,Mondschein
236,2,7,Luz Lunar
236,2,8,Lucelunare
236,2,9,Moonlight
237,2,1,めざめるパワー
237,2,3,잠재파워
237,2,5,Puissance Cachée
237,2,6,Kraftreserve
237,2,7,Poder Oculto
237,2,8,Introforza
237,2,9,Hidden Power
238,2,1,クロスチョップ
238,2,3,크로스촙
238,2,5,Coup-Croix
238,2,6,Kreuzhieb
238,2,7,Tajo Cruzado
238,2,8,Incrocolpo
238,2,9,Cross Chop
239,2,1,たつまき
239,2,3,회오리
239,2,5,Ouragan
239,2,6,Windhose
239,2,7,Ciclón
239,2,8,Tornado
239,2,9,Twister
240,2,1,あまごい
240,2,3,비바라기
240,2,5,Danse Pluie
240,2,6,Regentanz
240,2,7,Danza Lluvia
240,2,8,Pioggiadanza
240,2,9,Rain Dance
241,2,1,にほんばれ
241,2,3,쾌청
241,2,5,Zénith
241,2,6,Sonnentag
241,2,7,Día Soleado
241,2,8,Giornodisole
241,2,9,Sunny Day
242,2,1,かみくだく
242,2,3,깨물어부수기
242,2,5,Mâchouille
242,2,6,Knirscher
242,2,7,Triturar
242,2,8,Sgranocchio
242,2,9,Crunch
243,2,1,ミラーコート
243,2,3,미러코트
243,2,5,Voile Miroir
243,2,6,Spiegelcape
243,2,7,Manto Espejo
243,2,8,Specchiovelo
243,2,9,Mirror Coat
244,2,1,じこあんじ
244,2,3,자기암시
244,2,5,Boost
244,2,6,Psycho-Plus
244,2,7,Más Psique
244,2,8,Psicamisù
244,2,9,Psych Up
245,2,1,しんそく
245,2,3,신속
245,2,5,Vitesse Extrême
245,2,6,Turbotempo
245,2,7,Veloc. Extrema
245,2,8,Extrarapido
245,2,9,Extreme Speed
246,2,1,げんしのちから
246,2,3,원시의힘
246,2,5,Pouvoir Antique
246,2,6,Antik-Kraft
246,2,7,Poder Pasado
246,2,8,Forzantica
246,2,9,Ancient Power
247,2,1,シャドーボール
247,2,3,섀도볼
247,2,5,Ball'Ombre
247,2,6,Spukball
247,2,7,Bola Sombra
247,2,8,Palla Ombra
247,2,9,Shadow Ball
248,2,1,みらいよち
248,2,3,미래예지
248,2,5,Prescience
248,2,6,Seher
248,2,7,Premonición
248,2,8,Divinazione
248,2,9,Future Sight
249,2,1,いわくだき
249,2,3,바위깨기
249,2,5,Éclate-Roc
249,2,6,Zertrümmerer
249,2,7,Golpe Roca
249,2,8,Spaccaroccia
249,2,9,Rock Smash
250,2,1,うずしお
250,2,3,바다회오리
250,2,5,Siphon
250,2,6,Whirlpool
250,2,7,Torbellino
250,2,8,Mulinello
250,2,9,Whirlpool
251,2,1,ふくろだたき
251,2,3,집단구타
251,2,5,Baston
251,2,6,Prügler
251,2,7,Paliza
251,2,8,Picchiaduro
251,2,9,Beat Up
252,3,1,ねこだまし
252,3,3,속이다
252,3,5,Bluff
252,3,6,Mogelhieb
252,3,7,Sorpresa
252,3,8,Bruciapelo
252,3,9,Fake Out
253,3,1,さわぐ
253,3,3,소란피기
253,3,5,Brouhaha
253,3,6,Aufruhr
253,3,7,Alboroto
253,3,8,Baraonda
253,3,9,Uproar
254,3,1,たくわえる
254,3,3,비축하기
254,3,5,Stockage
254,3,6,Horter
254,3,7,Reserva
254,3,8,Accumulo
254,3,9,Stockpile
255,3,1,はきだす
255,3,3,토해내기
255,3,5,Relâche
255,3,6,Entfessler
255,3,7,Escupir
255,3,8,Sfoghenergia
255,3,9,Spit Up
256,3,1,のみこむ
256,3,3,꿀꺽
256,3,5,Avale
256,3,6,Verzehrer
256,3,7,Tragar
256,3,8,Introenergia
256,3,9,Swallow
257,3,1,ねっぷう
257,3,3,열풍
257,3,5,Canicule
257,3,6,Hitzewelle
257,3,7,Onda Ígnea
257,3,8,Ondacalda
257,3,9,Heat Wave
258,3,1,あられ
258,3,3,싸라기눈
258,3,5,Grêle
258,3,6,Hagelsturm
258,3,7,Granizo
258,3,8,Grandine
258,3,9,Hail
259,3,1,いちゃもん
259,3,3,트집
259,3,5,Tourmente
259,3,6,Folterknecht
259,3,7,Tormento
259,3,8,Attaccalite
259,3,9,Torment
260,3,1,おだてる
260,3,3,부추기기
260,3,5,Flatterie
260,3,6,Schmeichler
260,3,7,Camelo
260,3,8,Adulazione
260,3,9,Flatter
261,3,1,おにび
261,3,3,도깨비불
261,3,5,Feu Follet
261,3,6,Irrlicht
261,3,7,Fuego Fatuo
261,3,8,Fuocofatuo
261,3,9,Will-O-Wisp
262,3,1,おきみやげ
262,3,3,추억의선물
262,3,5,Souvenir
262,3,6,Memento-Mori
262,3,7,Legado
262,3,8,Memento
262,3,9,Memento
263,3,1,からげんき
263,3,3,객기
263,3,5,Façade
263,3,6,Fassade
263,3,7,Imagen
263,3,8,Facciata
263,3,9,Facade
264,3,1,きあいパンチ
264,3,3,힘껏펀치
264,3,5,Mitra-Poing
264,3,6,Power-Punch
264,3,7,Puño Certero
264,3,8,Centripugno
264,3,9,Focus Punch
265,3,1,きつけ
265,3,3,정신차리기
265,3,5,Stimulant
265,3,6,Riechsalz
265,3,7,Estímulo
265,3,8,Maniereforti
265,3,9,Smelling Salts
266,3,1,このゆびとまれ
266,3,3,날따름
266,3,5,Par Ici
266,3,6,Spotlight
266,3,7,Señuelo
266,3,8,Sonoqui
266,3,9,Follow Me
267,3,1,しぜんのちから
267,3,3,자연의힘
267,3,5,Force-Nature
267,3,6,Natur-Kraft
267,3,7,Adaptación
267,3,8,Naturforza
267,3,9,Nature Power
268,3,1,じゅうでん
268,3,3,충전
268,3,5,Chargeur
268,3,6,Ladevorgang
268,3,7,Carga
268,3,8,Sottocarica
268,3,9,Charge
269,3,1,ちょうはつ
269,3,3,도발
269,3,5,Provoc
269,3,6,Verhöhner
269,3,7,Mofa
269,3,8,Provocazione
269,3,9,Taunt
270,3,1,てだすけ
270,3,3,도우미
270,3,5,Coup d'Main
270,3,6,Rechte Hand
270,3,7,Refuerzo
270,3,8,Altruismo
270,3,9,Helping Hand
271,3,1,トリック
271,3,3,트릭
271,3,5,Tourmagik
271,3,6,Trickbetrug
271,3,7,Truco
271,3,8,Raggiro
271,3,9,Trick
272,3,1,なりきり
272,3,3,역할
272,3,5,Imitation
272,3,6,Rollentausch
272,3,7,Imitación
272,3,8,Giocodiruolo
272,3,9,Role Play
273,3,1,ねがいごと
273,3,3,희망사항
273,3,5,Vœu
273,3,6,Wunschtraum
273,3,7,Deseo
273,3,8,Desiderio
273,3,9,Wish
274,3,1,ねこのて
274,3,3,조수
274,3,5,Assistance
274,3,6,Zuschuss
274,3,7,Ayuda
274,3,8,Assistente
274,3,9,Assist
275,3,1,ねをはる
275,3,3,뿌리박기
275,3,5,Racines
275,3,6,Verwurzler
275,3,7,Arraigo
275,3,8,Radicamento
275,3,9,Ingrain
276,3,1,ばかぢから
276,3,3,엄청난힘
276,3,5,Surpuissance
276,3,6,Kraftkoloss
276,3,7,Fuerza Bruta
276,3,8,Troppoforte
276,3,9,Superpower
277,3,1,マジックコート
277,3,3,매직코트
277,3,5,Reflet Magik
277,3,6,Magiemantel
277,3,7,Capa Mágica
277,3,8,Magivelo
277,3,9,Magic Coat
278,3,1,リサイクル
278,3,3,리사이클
278,3,5,Recyclage
278,3,6,Aufbereitung
278,3,7,Reciclaje
278,3,8,Riciclo
278,3,9,Recycle
279,3,1,リベンジ
279,3,3,리벤지
279,3,5,Vendetta
279,3,6,Vergeltung
279,3,7,Desquite
279,3,8,Vendetta
279,3,9,Revenge
280,3,1,かわらわり
280,3,3,깨트리다
280,3,5,Casse-Brique
280,3,6,Durchbruch
280,3,7,Demolición
280,3,8,Breccia
280,3,9,Brick Break
281,3,1,あくび
281,3,3,하품
281,3,5,Bâillement
281,3,6,Gähner
281,3,7,Bostezo
281,3,8,Sbadiglio
281,3,9,Yawn
282,3,1,はたきおとす
282,3,3,탁쳐서떨구기
282,3,5,Sabotage
282,3,6,Abschlag
282,3,7,Desarme
282,3,8,Privazione
282,3,9,Knock Off
283,3,1,がむしゃら
283,3,3,죽기살기
283,3,5,Effort
283,3,6,Notsituation
283,3,7,Esfuerzo
283,3,8,Rimonta
283,3,9,Endeavor
284,3,1,ふんか
284,3,3,분화
284,3,5,Éruption
284,3,6,Eruption
284,3,7,Estallido
284,3,8,Eruzione
284,3,9,Eruption
285,3,1,スキルスワップ
285,3,3,스킬스웹
285,3,5,Échange
285,3,6,Wertewechsel
285,3,7,Intercambio
285,3,8,Baratto
285,3,9,Skill Swap
286,3,1,ふういん
286,3,3,봉인
286,3,5,Possessif
286,3,6,Begrenzer
286,3,7,Cerca
286,3,8,Esclusiva
286,3,9,Imprison
287,3,1,リフレッシュ
287,3,3,리프레쉬
287,3,5,Régénération
287,3,6,Heilung
287,3,7,Alivio
287,3,8,Rinfrescata
287,3,9,Refresh
288,3,1,おんねん
288,3,3,원념
288,3,5,Rancune
288,3,6,Nachspiel
288,3,7,Rabia
288,3,8,Rancore
288,3,9,Grudge
289,3,1,よこどり
289,3,3,가로챔
289,3,5,Saisie
289,3,6,Übernahme
289,3,7,Robo
289,3,8,Scippo
289,3,9,Snatch
290,3,1,ひみつのちから
290,3,3,비밀의힘
290,3,5,Force Cachée
290,3,6,Geheimpower
290,3,7,Daño Secreto
290,3,8,Forzasegreta
290,3,9,Secret Power
291,3,1,ダイビング
291,3,3,다이빙
291,3,5,Plongée
291,3,6,Taucher
291,3,7,Buceo
291,3,8,Sub
291,3,9,Dive
292,3,1,つっぱり
292,3,3,손바닥치기
292,3,5,Cogne
292,3,6,Armstoß
292,3,7,Empujón
292,3,8,Sberletese
292,3,9,Arm Thrust
293,3,1,ほごしょく
293,3,3,보호색
293,3,5,Camouflage
293,3,6,Tarnung
293,3,7,Camuflaje
293,3,8,Camuffamento
293,3,9,Camouflage
294,3,1,ほたるび
294,3,3,반딧불
294,3,5,Lumiqueue
294,3,6,Schweifglanz
294,3,7,Ráfaga
294,3,8,Codadiluce
294,3,9,Tail Glow
295,3,1,ラスターパージ
295,3,3,라스트버지
295,3,5,Lumi-Éclat
295,3,6,Scheinwerfer
295,3,7,Resplandor
295,3,8,Abbagliante
295,3,9,Luster Purge
296,3,1,ミストボール
296,3,3,미스트볼
296,3,5,Ball'Brume
296,3,6,Nebelball
296,3,7,Bola Neblina
296,3,8,Foschisfera
296,3,9,Mist Ball
297,3,1,フェザーダンス
297,3,3,깃털댄스
297,3,5,Danse-Plume
297,3,6,Daunenreigen
297,3,7,Danza Pluma
297,3,8,Danzadipiume
297,3,9,Feather Dance
298,3,1,フラフラダンス
298,3,3,흔들흔들댄스
298,3,5,Danse-Folle
298,3,6,Taumeltanz
298,3,7,Danza Caos
298,3,8,Strampadanza
298,3,9,Teeter Dance
299,3,1,ブレイズキック
299,3,3,브레이즈킥
299,3,5,Pied Brûleur
299,3,6,Feuerfeger
299,3,7,Patada Ígnea
299,3,8,Calciardente
299,3,9,Blaze Kick
300,3,1,どろあそび
300,3,3,흙놀이
300,3,5,Lance-Boue
300,3,6,Lehmsuhler
300,3,7,Chapoteo Lodo
300,3,8,Fangata
300,3,9,Mud Sport
301,3,1,アイスボール
301,3,3,아이스볼
301,3,5,Ball'Glace
301,3,6,Frostbeule
301,3,7,Bola Hielo
301,3,8,Palla Gelo
301,3,9,Ice Ball
302,3,1,ニードルアーム
302,3,3,바늘팔
302,3,5,Poing Dard
302,3,6,Nietenranke
302,3,7,Brazo Pincho
302,3,8,Pugnospine
302,3,9,Needle Arm
303,3,1,なまける
303,3,3,태만함
303,3,5,Paresse
303,3,6,Tagedieb
303,3,7,Relajo
303,3,8,Pigro
303,3,9,Slack Off
304,3,1,ハイパーボイス
304,3,3,하이퍼보이스
304,3,5,Mégaphone
304,3,6,Schallwelle
304,3,7,Vozarrón
304,3,8,Granvoce
304,3,9,Hyper Voice
305,3,1,どくどくのキバ
305,3,3,독엄니
305,3,5,Crochet Venin
305,3,6,Giftzahn
305,3,7,Colmillo Ven
305,3,8,Velenodenti
305,3,9,Poison Fang
306,3,1,ブレイククロー
306,3,3,브레이크크루
306,3,5,Éclate Griffe
306,3,6,Zermalmklaue
306,3,7,Garra Brutal
306,3,8,Tritartigli
306,3,9,Crush Claw
307,3,1,ブラストバーン
307,3,3,블러스트번
307,3,5,Rafale Feu
307,3,6,Lohekanonade
307,3,7,Anillo Ígneo
307,3,8,Incendio
307,3,9,Blast Burn
308,3,1,ハイドロカノン
308,3,3,하이드로캐논
308,3,5,Hydroblast
308,3,6,Aquahaubitze
308,3,7,Hidrocañón
308,3,8,Idrocannone
308,3,9,Hydro Cannon
309,3,1,コメットパンチ
309,3,3,코멧펀치
309,3,5,Poing Météor
309,3,6,Sternenhieb
309,3,7,Puño Meteoro
309,3,8,Meteorpugno
309,3,9,Meteor Mash
310,3,1,おどろかす
310,3,3,놀래키기
310,3,5,Étonnement
310,3,6,Erstauner
310,3,7,Impresionar
310,3,8,Sgomento
310,3,9,Astonish
311,3,1,ウェザーボール
311,3,3,웨더볼
311,3,5,Ball'Météo
311,3,6,Meteorologe
311,3,7,Meteorobola
311,3,8,Palla Clima
311,3,9,Weather Ball
312,3,1,アロマセラピー
312,3,3,아로마테라피
312,3,5,Aromathérapie
312,3,6,Aromakur
312,3,7,Aromaterapia
312,3,8,Aromaterapia
312,3,9,Aromatherapy
313,3,1,うそなき
313,3,3,거짓울음
313,3,5,Croco Larme
313,3,6,Trugträne
313,3,7,Llanto Falso
313,3,8,Falselacrime
313,3,9,Fake Tears
314,3,1,エアカッター
314,3,3,에어컷터
314,3,5,Tranch'Air
314,3,6,Windschnitt
314,3,7,Aire Afilado
314,3,8,Aerasoio
314,3,9,Air Cutter
315,3,1,オーバーヒート
315,3,3,오버히트
315,3,5,Surchauffe
315,3,6,Hitzekoller
315,3,7,Sofoco
315,3,8,Vampata
315,3,9,Overheat
316,3,1,かぎわける
316,3,3,냄새구별
316,3,5,Flair
316,3,6,Schnüffler
316,3,7,Rastreo
316,3,8,Segugio
316,3,9,Odor Sleuth
317,3,1,がんせきふうじ
317,3,3,암석봉인
317,3,5,Tomberoche
317,3,6,Felsgrab
317,3,7,Tumba Rocas
317,3,8,Rocciotomba
317,3,9,Rock Tomb
318,3,1,ぎんいろのかぜ
318,3,3,은빛바람
318,3,5,Vent Argenté
318,3,6,Silberhauch
318,3,7,Viento Plata
318,3,8,Ventargenteo
318,3,9,Silver Wind
319,3,1,きんぞくおん
319,3,3,금속음
319,3,5,Strido-Son
319,3,6,Metallsound
319,3,7,Eco Metálico
319,3,8,Ferrostrido
319,3,9,Metal Sound
320,3,1,くさぶえ
320,3,3,풀피리
320,3,5,Siffl'Herbe
320,3,6,Grasflöte
320,3,7,Silbato
320,3,8,Meloderba
320,3,9,Grass Whistle
321,3,1,くすぐる
321,3,3,간지르기
321,3,5,Chatouille
321,3,6,Spaßkanone
321,3,7,Cosquillas
321,3,8,Solletico
321,3,9,Tickle
322,3,1,コスモパワー
322,3,3,코스믹파워
322,3,5,Force Cosmik
322,3,6,Kosmik-Kraft
322,3,7,Masa Cósmica
322,3,8,Cosmoforza
322,3,9,Cosmic Power
323,3,1,しおふき
323,3,3,해수스파우팅
323,3,5,Giclédo
323,3,6,Fontränen
323,3,7,Salpicar
323,3,8,Zampillo
323,3,9,Water Spout
324,3,1,シグナルビーム
324,3,3,시그널빔
324,3,5,Rayon Signal
324,3,6,Ampelleuchte
324,3,7,Doble Rayo
324,3,8,Segnoraggio
324,3,9,Signal Beam
325,3,1,シャドーパンチ
325,3,3,섀도펀치
325,3,5,Poing Ombre
325,3,6,Finsterfaust
325,3,7,Puño Sombra
325,3,8,Pugnodombra
325,3,9,Shadow Punch
326,3,1,じんつうりき
326,3,3,신통력
326,3,5,Extrasenseur
326,3,6,Sondersensor
326,3,7,Paranormal
326,3,8,Extrasenso
326,3,9,Extrasensory
327,3,1,スカイアッパー
327,3,3,스카이업퍼
327,3,5,Stratopercut
327,3,6,Himmelhieb
327,3,7,Gancho Alto
327,3,8,Stramontante
327,3,9,Sky Uppercut
328,3,1,すなじごく
328,3,3,모래지옥
328,3,5,Tourbi-Sable
328,3,6,Sandgrab
328,3,7,Bucle Arena
328,3,8,Sabbiotomba
328,3,9,Sand Tomb
329,3,1,ぜったいれいど
329,3,3,절대영도
329,3,5,Glaciation
329,3,6,Eiseskälte
329,3,7,Frío Polar
329,3,8,Purogelo
329,3,9,Sheer Cold
330,3,1,だくりゅう
330,3,3,탁류
330,3,5,Ocroupi
330,3,6,Lehmbrühe
330,3,7,Agua Lodosa
330,3,8,Fanghiglia
330,3,9,Muddy Water
331,3,1,タネマシンガン
331,3,3,기관총
331,3,5,Balle Graine
331,3,6,Kugelsaat
331,3,7,Recurrente
331,3,8,Semitraglia
331,3,9,Bullet Seed
332,3,1,つばめがえし
332,3,3,제비반환
332,3,5,Aéropique
332,3,6,Aero-Ass
332,3,7,Golpe Aéreo
332,3,8,Aeroassalto
332,3,9,Aerial Ace
333,3,1,つららばり
333,3,3,고드름침
333,3,5,Stalagtite
333,3,6,Eisspeer
333,3,7,Carámbano
333,3,8,Gelolancia
333,3,9,Icicle Spear
334,3,1,てっぺき
334,3,3,철벽
334,3,5,Mur de Fer
334,3,6,Eisenabwehr
334,3,7,Defensa Férrea
334,3,8,Ferroscudo
334,3,9,Iron Defense
335,3,1,とおせんぼう
335,3,3,블록
335,3,5,Barrage
335,3,6,Rückentzug
335,3,7,Bloqueo
335,3,8,Blocco
335,3,9,Block
336,3,1,とおぼえ
336,3,3,멀리짖음
336,3,5,Grondement
336,3,6,Jauler
336,3,7,Aullido
336,3,8,Gridodilotta
336,3,9,Howl
337,3,1,ドラゴンクロー
337,3,3,드래곤크루
337,3,5,Dracogriffe
337,3,6,Drachenklaue
337,3,7,Garra Dragón
337,3,8,Dragartigli
337,3,9,Dragon Claw
338,3,1,ハードプラント
338,3,3,하드플랜트
338,3,5,Végé-Attak
338,3,6,Fauna-Statue
338,3,7,Planta Feroz
338,3,8,Radicalbero
338,3,9,Frenzy Plant
339,3,1,ビルドアップ
339,3,3,벌크업
339,3,5,Gonflette
339,3,6,Protzer
339,3,7,Corpulencia
339,3,8,Granfisico
339,3,9,Bulk Up
340,3,1,とびはねる
340,3,3,뛰어오르다
340,3,5,Rebond
340,3,6,Sprungfeder
340,3,7,Bote
340,3,8,Rimbalzo
340,3,9,Bounce
341,3,1,マッドショット
341,3,3,머드숏
341,3,5,Tir de Boue
341,3,6,Lehmschuss
341,3,7,Disparo Lodo
341,3,8,Colpodifango
341,3,9,Mud Shot
342,3,1,ポイズンテール
342,3,3,포이즌테일
342,3,5,Queue-Poison
342,3,6,Giftschweif
342,3,7,Cola Veneno
342,3,8,Velenocoda
342,3,9,Poison Tail
343,3,1,ほしがる
343,3,3,탐내다
343,3,5,Implore
343,3,6,Bezirzer
343,3,7,Antojo
343,3,8,Supplica
343,3,9,Covet
344,3,1,ボルテッカー
344,3,3,볼트태클
344,3,5,Électacle
344,3,6,Volttackle
344,3,7,Placaje Eléc
344,3,8,Locomovolt
344,3,9,Volt Tackle
345,3,1,マジカルリーフ
345,3,3,메지컬리프
345,3,5,Feuille Magik
345,3,6,Zauberblatt
345,3,7,Hoja Mágica
345,3,8,Fogliamagica
345,3,9,Magical Leaf
346,3,1,みずあそび
346,3,3,물놀이
346,3,5,Tourniquet
346,3,6,Nassmacher
346,3,7,Hidrochorro
346,3,8,Docciascudo
346,3,9,Water Sport
347,3,1,めいそう
347,3,3,명상
347,3,5,Plénitude
347,3,6,Gedankengut
347,3,7,Paz Mental
347,3,8,Calmamente
347,3,9,Calm Mind
348,3,1,リーフブレード
348,3,3,리프블레이드
348,3,5,Lame-Feuille
348,3,6,Laubklinge
348,3,7,Hoja Aguda
348,3,8,Fendifoglia
348,3,9,Leaf Blade
349,3,1,りゅうのまい
349,3,3,용의춤
349,3,5,Danse Draco
349,3,6,Drachentanz
349,3,7,Danza Dragón
349,3,8,Dragodanza
349,3,9,Dragon Dance
350,3,1,ロックブラスト
350,3,3,락블레스트
350,3,5,Boule Roc
350,3,6,Felswurf
350,3,7,Pedrada
350,3,8,Cadutamassi
350,3,9,Rock Blast
351,3,1,でんげきは
351,3,3,전격파
351,3,5,Onde de Choc
351,3,6,Schockwelle
351,3,7,Onda Voltio
351,3,8,Ondashock
351,3,9,Shock Wave
352,3,1,みずのはどう
352,3,3,물의파동
352,3,5,Vibraqua
352,3,6,Aquawelle
352,3,7,Hidropulso
352,3,8,Idropulsar
352,3,9,Water Pulse
353,3,1,はめつのねがい
353,3,3,파멸의소원
353,3,5,Carnareket
353,3,6,Kismetwunsch
353,3,7,Deseo Oculto
353,3,8,Obbliderio
353,3,9,Doom Desire
354,3,1,サイコブースト
354,3,3,사이코부스트
354,3,5,Psycho Boost
354,3,6,Psyschub
354,3,7,Psicoataque
354,3,8,Psicoslancio
354,3,9,Psycho Boost
355,4,1,はねやすめ
355,4,3,날개쉬기
355,4,5,Atterrissage
355,4,6,Ruheort
355,4,7,Respiro
355,4,8,Trespolo
355,4,9,Roost
356,4,1,じゅうりょく
356,4,3,중력
356,4,5,Gravité
356,4,6,Erdanziehung
356,4,7,Gravedad
356,4,8,Gravità
356,4,9,Gravity
357,4,1,ミラクルアイ
357,4,3,미라클아이
357,4,5,Œil Miracle
357,4,6,Wunderauge
357,4,7,Gran Ojo
357,4,8,Miracolvista
357,4,9,Miracle Eye
358,4,1,めざましビンタ
358,4,3,잠깨움뺨치기
358,4,5,Réveil Forcé
358,4,6,Weckruf
358,4,7,Espabila
358,4,8,Svegliopacca
358,4,9,Wake-Up Slap
359,4,1,アームハンマー
359,4,3,암해머
359,4,5,Marto-Poing
359,4,6,Hammerarm
359,4,7,Machada
359,4,8,Martelpugno
359,4,9,Hammer Arm
360,4,1,ジャイロボール
360,4,3,자이로볼
360,4,5,Gyroballe
360,4,6,Gyroball
360,4,7,Giro Bola
360,4,8,Vortexpalla
360,4,9,Gyro Ball
361,4,1,いやしのねがい
361,4,3,치유소원
361,4,5,Vœu Soin
361,4,6,Heilopfer
361,4,7,Deseo Cura
361,4,8,Curardore
361,4,9,Healing Wish
362,4,1,しおみず
362,4,3,소금물
362,4,5,Saumure
362,4,6,Lake
362,4,7,Salmuera
362,4,8,Acquadisale
362,4,9,Brine
363,4,1,しぜんのめぐみ
363,4,3,자연의은혜
363,4,5,Don Naturel
363,4,6,Beerenkräfte
363,4,7,Don Natural
363,4,8,Dononaturale
363,4,9,Natural Gift
364,4,1,フェイント
364,4,3,페인트
364,4,5,Ruse
364,4,6,Offenlegung
364,4,7,Amago
364,4,8,Fintoattacco
364,4,9,Feint
365,4,1,ついばむ
365,4,3,쪼아대기
365,4,5,Picore
365,4,6,Pflücker
365,4,7,Picoteo
365,4,8,Spennata
365,4,9,Pluck
366,4,1,おいかぜ
366,4,3,순풍
366,4,5,Vent Arrière
366,4,6,Rückenwind
366,4,7,Viento Afín
366,4,8,Ventoincoda
366,4,9,Tailwind
367,4,1,つぼをつく
367,4,3,경혈찌르기
367,4,5,Acupression
367,4,6,Akupressur
367,4,7,Acupresión
367,4,8,Acupressione
367,4,9,Acupressure
368,4,1,メタルバースト
368,4,3,메탈버스트
368,4,5,Fulmifer
368,4,6,Metallstoß
368,4,7,Represión Metal
368,4,8,Metalscoppio
368,4,9,Metal Burst
369,4,1,とんぼがえり
369,4,3,유턴
369,4,5,Demi-Tour
369,4,6,Kehrtwende
369,4,7,Ida y Vuelta
369,4,8,Retromarcia
369,4,9,U-turn
370,4,1,インファイト
370,4,3,인파이트
370,4,5,Close Combat
370,4,6,Nahkampf
370,4,7,A Bocajarro
370,4,8,Zuffa
370,4,9,Close Combat
371,4,1,しっぺがえし
371,4,3,보복
371,4,5,Représailles
371,4,6,Gegenstoß
371,4,7,Vendetta
371,4,8,Rivincita
371,4,9,Payback
372,4,1,ダメおし
372,4,3,승부굳히기
372,4,5,Assurance
372,4,6,Gewissheit
372,4,7,Buena Baza
372,4,8,Garanzia
372,4,9,Assurance
373,4,1,さしおさえ
373,4,3,금제
373,4,5,Embargo
373,4,6,Itemsperre
373,4,7,Embargo
373,4,8,Divieto
373,4,9,Embargo
374,4,1,なげつける
374,4,3,내던지기
374,4,5,Dégommage
374,4,6,Schleuder
374,4,7,Lanzamiento
374,4,8,Lancio
374,4,9,Fling
375,4,1,サイコシフト
375,4,3,사이코시프트
375,4,5,Échange Psy
375,4,6,Psybann
375,4,7,Psicocambio
375,4,8,Psicotrasfer
375,4,9,Psycho Shift
376,4,1,きりふだ
376,4,3,마지막수단
376,4,5,Atout
376,4,6,Trumpfkarte
376,4,7,As Oculto
376,4,8,Asso
376,4,9,Trump Card
377,4,1,かいふくふうじ
377,4,3,회복봉인
377,4,5,Anti-Soin
377,4,6,Heilblockade
377,4,7,Anticura
377,4,8,Anticura
377,4,9,Heal Block
378,4,1,しぼりとる
378,4,3,쥐어짜기
378,4,5,Essorage
378,4,6,Auswringen
378,4,7,Estrujón
378,4,8,Strizzata
378,4,9,Wring Out
379,4,1,パワートリック
379,4,3,파워트릭
379,4,5,Astuce Force
379,4,6,Krafttrick
379,4,7,Truco Fuerza
379,4,8,Ingannoforza
379,4,9,Power Trick
380,4,1,いえき
380,4,3,위액
380,4,5,Suc Digestif
380,4,6,Magensäfte
380,4,7,Bilis
380,4,8,Gastroacido
380,4,9,Gastro Acid
381,4,1,おまじない
381,4,3,주술
381,4,5,Air Veinard
381,4,6,Beschwörung
381,4,7,Conjuro
381,4,8,Fortuncanto
381,4,9,Lucky Chant
382,4,1,さきどり
382,4,3,선취
382,4,5,Moi d'Abord
382,4,6,Egotrip
382,4,7,Yo Primero
382,4,8,Precedenza
382,4,9,Me First
383,4,1,まねっこ
383,4,3,흉내쟁이
383,4,5,Photocopie
383,4,6,Imitator
383,4,7,Copión
383,4,8,Copione
383,4,9,Copycat
384,4,1,パワースワップ
384,4,3,파워스웹
384,4,5,Permuforce
384,4,6,Krafttausch
384,4,7,Cambia Fuerza
384,4,8,Barattoforza
384,4,9,Power Swap
385,4,1,ガードスワップ
385,4,3,가드스웹
385,4,5,Permugarde
385,4,6,Schutztausch
385,4,7,Cambia Defensa
385,4,8,Barattoscudo
385,4,9,Guard Swap
386,4,1,おしおき
386,4,3,혼내기
386,4,5,Punition
386,4,6,Strafattacke
386,4,7,Castigo
386,4,8,Punizione
386,4,9,Punishment
387,4,1,とっておき
387,4,3,뒀다쓰기
387,4,5,Dernier Recours
387,4,6,Zuflucht
387,4,7,Última Baza
387,4,8,Ultimascelta
387,4,9,Last Resort
388,4,1,なやみのタネ
388,4,3,고민씨
388,4,5,Soucigraine
388,4,6,Sorgensamen
388,4,7,Abatidoras
388,4,8,Affannoseme
388,4,9,Worry Seed
389,4,1,ふいうち
389,4,3,기습
389,4,5,Coup Bas
389,4,6,Tiefschlag
389,4,7,Golpe Bajo
389,4,8,Sbigoattacco
389,4,9,Sucker Punch
390,4,1,どくびし
390,4,3,독압정
390,4,5,Pics Toxik
390,4,6,Giftspitzen
390,4,7,Púas Tóxicas
390,4,8,Fielepunte
390,4,9,Toxic Spikes
391,4,1,ハートスワップ
391,4,3,하트스웹
391,4,5,Permucœur
391,4,6,Statustausch
391,4,7,Cambia Almas
391,4,8,Cuorbaratto
391,4,9,Heart Swap
392,4,1,アクアリング
392,4,3,아쿠아링
392,4,5,Anneau Hydro
392,4,6,Wasserring
392,4,7,Acua Aro
392,4,8,Acquanello
392,4,9,Aqua Ring
393,4,1,でんじふゆう
393,4,3,전자부유
393,4,5,Vol Magnétik
393,4,6,Magnetflug
393,4,7,Levitón
393,4,8,Magnetascesa
393,4,9,Magnet Rise
394,4,1,フレアドライブ
394,4,3,플레어드라이브
394,4,5,Boutefeu
394,4,6,Flammenblitz
394,4,7,Envite Ígneo
394,4,8,Fuococarica
394,4,9,Flare Blitz
395,4,1,はっけい
395,4,3,발경
395,4,5,Forte-Paume
395,4,6,Kraftwelle
395,4,7,Palmeo
395,4,8,Palmoforza
395,4,9,Force Palm
396,4,1,はどうだん
396,4,3,파동탄
396,4,5,Aurasphère
396,4,6,Aurasphäre
396,4,7,Esfera Aural
396,4,8,Forzasfera
396,4,9,Aura Sphere
397,4,1,ロックカット
397,4,3,록커트
397,4,5,Poliroche
397,4,6,Steinpolitur
397,4,7,Pulimento
397,4,8,Lucidatura
397,4,9,Rock Polish
398,4,1,どくづき
398,4,3,독찌르기
398,4,5,Direct Toxik
398,4,6,Gifthieb
398,4,7,Puya Nociva
398,4,8,Velenpuntura
398,4,9,Poison Jab
399,4,1,あくのはどう
399,4,3,악의파동
399,4,5,Vibrobscur
399,4,6,Finsteraura
399,4,7,Pulso Umbrío
399,4,8,Neropulsar
399,4,9,Dark Pulse
400,4,1,つじぎり
400,4,3,깜짝베기
400,4,5,Tranche-Nuit
400,4,6,Nachthieb
400,4,7,Tajo Umbrío
400,4,8,Nottesferza
400,4,9,Night Slash
401,4,1,アクアテール
401,4,3,아쿠아테일
401,4,5,Hydroqueue
401,4,6,Nassschweif
401,4,7,Acua Cola
401,4,8,Idrondata
401,4,9,Aqua Tail
402,4,1,タネばくだん
402,4,3,씨폭탄
402,4,5,Canon Graine
402,4,6,Samenbomben
402,4,7,Bomba Germen
402,4,8,Semebomba
402,4,9,Seed Bomb
403,4,1,エアスラッシュ
403,4,3,에어슬래시
403,4,5,Lame d'Air
403,4,6,Luftschnitt
403,4,7,Tajo Aéreo
403,4,8,Eterelama
403,4,9,Air Slash
404,4,1,シザークロス
404,4,3,시저크로스
404,4,5,Plaie-Croix
404,4,6,Kreuzschere
404,4,7,Tijera X
404,4,8,Forbice X
404,4,9,X-Scissor
405,4,1,むしのさざめき
405,4,3,벌레의야단법석
405,4,5,Bourdon
405,4,6,Käfergebrumm
405,4,7,Zumbido
405,4,8,Ronzio
405,4,9,Bug Buzz
406,4,1,りゅうのはどう
406,4,3,용의파동
406,4,5,Dracochoc
406,4,6,Drachenpuls
406,4,7,Pulso Dragón
406,4,8,Dragopulsar
406,4,9,Dragon Pulse
407,4,1,ドラゴンダイブ
407,4,3,드래곤다이브
407,4,5,Dracocharge
407,4,6,Drachenstoß
407,4,7,Carga Dragón
407,4,8,Dragofuria
407,4,9,Dragon Rush
408,4,1,パワージェム
408,4,3,파워젬
408,4,5,Rayon Gemme
408,4,6,Juwelenkraft
408,4,7,Joya de Luz
408,4,8,Gemmoforza
408,4,9,Power Gem
409,4,1,ドレインパンチ
409,4,3,드레인펀치
409,4,5,Vampipoing
409,4,6,Ableithieb
409,4,7,Puño Drenaje
409,4,8,Assorbipugno
409,4,9,Drain Punch
410,4,1,しんくうは
410,4,3,진공파
410,4,5,Onde Vide
410,4,6,Vakuumwelle
410,4,7,Onda Vacío
410,4,8,Vuotonda
410,4,9,Vacuum Wave
411,4,1,きあいだま
411,4,3,기합구슬
411,4,5,Exploforce
411,4,6,Fokusstoß
411,4,7,Onda Certera
411,4,8,Focalcolpo
411,4,9,Focus Blast
412,4,1,エナジーボール
412,4,3,에너지볼
412,4,5,Éco-Sphère
412,4,6,Energieball
412,4,7,Energibola
412,4,8,Energipalla
412,4,9,Energy Ball
413,4,1,ブレイブバード
413,4,3,브레이브버드
413,4,5,Rapace
413,4,6,Sturzflug
413,4,7,Pájaro Osado
413,4,8,Baldeali
413,4,9,Brave Bird
414,4,1,だいちのちから
414,4,3,대지의힘
414,4,5,Telluriforce
414,4,6,Erdkräfte
414,4,7,Tierra Viva
414,4,8,Geoforza
414,4,9,Earth Power
415,4,1,すりかえ
415,4,3,바꿔치기
415,4,5,Passe-Passe
415,4,6,Wechseldich
415,4,7,Trapicheo
415,4,8,Rapidscambio
415,4,9,Switcheroo
416,4,1,ギガインパクト
416,4,3,기가임팩트
416,4,5,Giga Impact
416,4,6,Gigastoß
416,4,7,Giga Impacto
416,4,8,Gigaimpatto
416,4,9,Giga Impact
417,4,1,わるだくみ
417,4,3,나쁜음모
417,4,5,Machination
417,4,6,Ränkeschmied
417,4,7,Maquinación
417,4,8,Congiura
417,4,9,Nasty Plot
418,4,1,バレットパンチ
418,4,3,불릿펀치
418,4,5,Pisto-Poing
418,4,6,Patronenhieb
418,4,7,Puño Bala
418,4,8,Pugnoscarica
418,4,9,Bullet Punch
419,4,1,ゆきなだれ
419,4,3,눈사태
419,4,5,Avalanche
419,4,6,Lawine
419,4,7,Alud
419,4,8,Slavina
419,4,9,Avalanche
420,4,1,こおりのつぶて
420,4,3,얼음뭉치
420,4,5,Éclats Glace
420,4,6,Eissplitter
420,4,7,Canto Helado
420,4,8,Geloscheggia
420,4,9,Ice Shard
421,4,1,シャドークロー
421,4,3,섀도크루
421,4,5,Griffe Ombre
421,4,6,Dunkelklaue
421,4,7,Garra Umbría
421,4,8,Ombrartigli
421,4,9,Shadow Claw
422,4,1,かみなりのキバ
422,4,3,번개엄니
422,4,5,Crocs Éclair
422,4,6,Donnerzahn
422,4,7,Colmillo Rayo
422,4,8,Fulmindenti
422,4,9,Thunder Fang
423,4,1,こおりのキバ
423,4,3,얼음엄니
423,4,5,Crocs Givre
423,4,6,Eiszahn
423,4,7,Colmillo Hielo
423,4,8,Gelodenti
423,4,9,Ice Fang
424,4,1,ほのおのキバ
424,4,3,불꽃엄니
424,4,5,Crocs Feu
424,4,6,Feuerzahn
424,4,7,Colmillo Ígneo
424,4,8,Rogodenti
424,4,9,Fire Fang
425,4,1,かげうち
425,4,3,야습
425,4,5,Ombre Portée
425,4,6,Schattenstoß
425,4,7,Sombra Vil
425,4,8,Furtivombra
425,4,9,Shadow Sneak
426,4,1,どろばくだん
426,4,3,진흙폭탄
426,4,5,Boue-Bombe
426,4,6,Schlammbombe
426,4,7,Bomba Fango
426,4,8,Pantanobomba
426,4,9,Mud Bomb
427,4,1,サイコカッター
427,4,3,사이코커터
427,4,5,Coupe Psycho
427,4,6,Psychoklinge
427,4,7,Psicocorte
427,4,8,Psicotaglio
427,4,9,Psycho Cut
428,4,1,しねんのずつき
428,4,3,사념의박치기
428,4,5,Psykoud'Boul
428,4,6,Zen-Kopfstoß
428,4,7,Cabezazo Zen
428,4,8,Cozzata Zen
428,4,9,Zen Headbutt
429,4,1,ミラーショット
429,4,3,미러숏
429,4,5,Miroi-Tir
429,4,6,Spiegelsalve
429,4,7,Disparo Espejo
429,4,8,Cristalcolpo
429,4,9,Mirror Shot
430,4,1,ラスターカノン
430,4,3,러스터캐논
430,4,5,Luminocanon
430,4,6,Lichtkanone
430,4,7,Foco Resplandor
430,4,8,Cannonflash
430,4,9,Flash Cannon
431,4,1,ロッククライム
431,4,3,락클라임
431,4,5,Escalade
431,4,6,Kraxler
431,4,7,Treparrocas
431,4,8,Scalaroccia
431,4,9,Rock Climb
432,4,1,きりばらい
432,4,3,안개제거
432,4,5,Anti-Brume
432,4,6,Auflockern
432,4,7,Despejar
432,4,8,Scacciabruma
432,4,9,Defog
433,4,1,トリックルーム
433,4,3,트릭룸
433,4,5,Distorsion
433,4,6,Bizarroraum
433,4,7,Espacio Raro
433,4,8,Distortozona
433,4,9,Trick Room
434,4,1,りゅうせいぐん
434,4,3,용성군
434,4,5,Draco Météor
434,4,6,Draco Meteor
434,4,7,Cometa Draco
434,4,8,Dragobolide
434,4,9,Draco Meteor
435,4,1,ほうでん
435,4,3,방전
435,4,5,Coup d'Jus
435,4,6,Ladungsstoß
435,4,7,Chispazo
435,4,8,Scarica
435,4,9,Discharge
436,4,1,ふんえん
436,4,3,분연
436,4,5,Ébullilave
436,4,6,Flammensturm
436,4,7,Humareda
436,4,8,Lavasbuffo
436,4,9,Lava Plume
437,4,1,リーフストーム
437,4,3,리프스톰
437,4,5,Tempête Verte
437,4,6,Blättersturm
437,4,7,Lluevehojas
437,4,8,Verdebufera
437,4,9,Leaf Storm
438,4,1,パワーウィップ
438,4,3,파워휩
438,4,5,Mégafouet
438,4,6,Blattgeißel
438,4,7,Latigazo
438,4,8,Vigorcolpo
438,4,9,Power Whip
439,4,1,がんせきほう
439,4,3,암석포
439,4,5,Roc-Boulet
439,4,6,Felswerfer
439,4,7,Romperrocas
439,4,8,Devastomasso
439,4,9,Rock Wrecker
440,4,1,クロスポイズン
440,4,3,크로스포이즌
440,4,5,Poison-Croix
440,4,6,Giftstreich
440,4,7,Veneno X
440,4,8,Velenocroce
440,4,9,Cross Poison
441,4,1,ダストシュート
441,4,3,더스트슈트
441,4,5,Détricanon
441,4,6,Mülltreffer
441,4,7,Lanza Mugre
441,4,8,Sporcolancio
441,4,9,Gunk Shot
442,4,1,アイアンヘッド
442,4,3,아이언헤드
442,4,5,Tête de Fer
442,4,6,Eisenschädel
442,4,7,Cabeza de Hierro
442,4,8,Metaltestata
442,4,9,Iron Head
443,4,1,マグネットボム
443,4,3,마그넷봄
443,4,5,Bombaimant
443,4,6,Magnetbombe
443,4,7,Bomba Imán
443,4,8,Bombagnete
443,4,9,Magnet Bomb
444,4,1,ストーンエッジ
444,4,3,스톤에지
444,4,5,Lame de Roc
444,4,6,Steinkante
444,4,7,Roca Afilada
444,4,8,Pietrataglio
444,4,9,Stone Edge
445,4,1,ゆうわく
445,4,3,유혹
445,4,5,Séduction
445,4,6,Liebreiz
445,4,7,Seducción
445,4,8,Incanto
445,4,9,Captivate
446,4,1,ステルスロック
446,4,3,스텔스록
446,4,5,Piège de Roc
446,4,6,Tarnsteine
446,4,7,Trampa Rocas
446,4,8,Levitoroccia
446,4,9,Stealth Rock
447,4,1,くさむすび
447,4,3,풀묶기
447,4,5,Nœud Herbe
447,4,6,Strauchler
447,4,7,Hierba Lazo
447,4,8,Laccioerboso
447,4,9,Grass Knot
448,4,1,おしゃべり
448,4,3,수다
448,4,5,Babil
448,4,6,Geschwätz
448,4,7,Cháchara
448,4,8,Schiamazzo
448,4,9,Chatter
449,4,1,さばきのつぶて
449,4,3,심판의뭉치
449,4,5,Jugement
449,4,6,Urteilskraft
449,4,7,Sentencia
449,4,8,Giudizio
449,4,9,Judgment
450,4,1,むしくい
450,4,3,벌레먹음
450,4,5,Piqûre
450,4,6,Käferbiss
450,4,7,Picadura
450,4,8,Coleomorso
450,4,9,Bug Bite
451,4,1,チャージビーム
451,4,3,차지빔
451,4,5,Rayon Chargé
451,4,6,Ladestrahl
451,4,7,Rayo Carga
451,4,8,Raggioscossa
451,4,9,Charge Beam
452,4,1,ウッドハンマー
452,4,3,우드해머
452,4,5,Martobois
452,4,6,Holzhammer
452,4,7,Mazazo
452,4,8,Mazzuolegno
452,4,9,Wood Hammer
453,4,1,アクアジェット
453,4,3,아쿠아제트
453,4,5,Aqua-Jet
453,4,6,Wasserdüse
453,4,7,Acua Jet
453,4,8,Acquagetto
453,4,9,Aqua Jet
454,4,1,こうげきしれい
454,4,3,공격지령
454,4,5,Appel Attak
454,4,6,Schlagbefehl
454,4,7,Al Ataque
454,4,8,Comandourto
454,4,9,Attack Order
455,4,1,ぼうぎょしれい
455,4,3,방어지령
455,4,5,Appel Défense
455,4,6,Blockbefehl
455,4,7,A Defender
455,4,8,Comandoscudo
455,4,9,Defend Order
456,4,1,かいふくしれい
456,4,3,회복지령
456,4,5,Appel Soins
456,4,6,Heilbefehl
456,4,7,Auxilio
456,4,8,Comandocura
456,4,9,Heal Order
457,4,1,もろはのずつき
457,4,3,양날박치기
457,4,5,Fracass'Tête
457,4,6,Kopfstoß
457,4,7,Testarazo
457,4,8,Zuccata
457,4,9,Head Smash
458,4,1,ダブルアタック
458,4,3,더블어택
458,4,5,Coup Double
458,4,6,Doppelschlag
458,4,7,Doble Golpe
458,4,8,Doppiosmash
458,4,9,Double Hit
459,4,1,ときのほうこう
459,4,3,시간의포효
459,4,5,Hurle-Temps
459,4,6,Zeitenlärm
459,4,7,Distorsión
459,4,8,Fragortempo
459,4,9,Roar of Time
460,4,1,あくうせつだん
460,4,3,공간절단
460,4,5,Spatio-Rift
460,4,6,Raumschlag
460,4,7,Corte Vacío
460,4,8,Fendispazio
460,4,9,Spacial Rend
461,4,1,みかづきのまい
461,4,3,초승달춤
461,4,5,Danse-Lune
461,4,6,Lunartanz
461,4,7,Danza Lunar
461,4,8,Lunardanza
461,4,9,Lunar Dance
462,4,1,にぎりつぶす
462,4,3,묵사발
462,4,5,Presse
462,4,6,Quetschgriff
462,4,7,Agarrón
462,4,8,Sbriciolmano
462,4,9,Crush Grip
463,4,1,マグマストーム
463,4,3,마그마스톰
463,4,5,Vortex Magma
463,4,6,Lavasturm
463,4,7,Lluvia Ígnea
463,4,8,Magmaclisma
463,4,9,Magma Storm
464,4,1,ダークホール
464,4,3,다크홀
464,4,5,Trou Noir
464,4,6,Schlummerort
464,4,7,Brecha Negra
464,4,8,Vuototetro
464,4,9,Dark Void
465,4,1,シードフレア
465,4,3,시드플레어
465,4,5,Fulmigraine
465,4,6,Schocksamen
465,4,7,Fogonazo
465,4,8,Infuriaseme
465,4,9,Seed Flare
466,4,1,あやしいかぜ
466,4,3,괴상한바람
466,4,5,Vent Mauvais
466,4,6,Unheilböen
466,4,7,Viento Aciago
466,4,8,Funestovento
466,4,9,Ominous Wind
467,4,1,シャドーダイブ
467,4,3,섀도다이브
467,4,5,Revenant
467,4,6,Schemenkraft
467,4,7,Golpe Umbrío
467,4,8,Oscurotuffo
467,4,9,Shadow Force
468,5,1,つめとぎ
468,5,3,손톱갈기
468,5,5,Aiguisage
468,5,6,Klauenwetzer
468,5,7,Afilagarras
468,5,8,Unghiaguzze
468,5,9,Hone Claws
469,5,1,ワイドガード
469,5,3,와이드가드
469,5,5,Garde Large
469,5,6,Rundumschutz
469,5,7,Vastaguardia
469,5,8,Bodyguard
469,5,9,Wide Guard
470,5,1,ガードシェア
470,5,3,가드셰어
470,5,5,Partage Garde
470,5,6,Schutzteiler
470,5,7,Isoguardia
470,5,8,Paridifesa
470,5,9,Guard Split
471,5,1,パワーシェア
471,5,3,파워셰어
471,5,5,Partage Force
471,5,6,Kraftteiler
471,5,7,Isofuerza
471,5,8,Pariattacco
471,5,9,Power Split
472,5,1,ワンダールーム
472,5,3,원더룸
472,5,5,Zone Étrange
472,5,6,Wunderraum
472,5,7,Zona Extraña
472,5,8,Mirabilzona
472,5,9,Wonder Room
473,5,1,サイコショック
473,5,3,사이코쇼크
473,5,5,Choc Psy
473,5,6,Psychoschock
473,5,7,Psicocarga
473,5,8,Psicoshock
473,5,9,Psyshock
474,5,1,ベノムショック
474,5,3,베놈쇼크
474,5,5,Choc Venin
474,5,6,Giftschock
474,5,7,Carga Tóxica
474,5,8,Velenoshock
474,5,9,Venoshock
475,5,1,ボディパージ
475,5,3,바디퍼지
475,5,5,Allègement
475,5,6,Autotomie
475,5,7,Aligerar
475,5,8,Sganciapesi
475,5,9,Autotomize
476,5,1,いかりのこな
476,5,3,분노가루
476,5,5,Poudre Fureur
476,5,6,Wutpulver
476,5,7,Polvo Ira
476,5,8,Polverabbia
476,5,9,Rage Powder
477,5,1,テレキネシス
477,5,3,텔레키네시스
477,5,5,Lévikinésie
477,5,6,Telekinese
477,5,7,Telequinesis
477,5,8,Telecinesi
477,5,9,Telekinesis
478,5,1,マジックルーム
478,5,3,매직룸
478,5,5,Zone Magique
478,5,6,Magieraum
478,5,7,Zona Mágica
478,5,8,Magicozona
478,5,9,Magic Room
479,5,1,うちおとす
479,5,3,떨어뜨리기
479,5,5,Anti-Air
479,5,6,Katapult
479,5,7,Antiaéreo
479,5,8,Abbattimento
479,5,9,Smack Down
480,5,1,やまあらし
480,5,3,업어후리기
480,5,5,Yama Arashi
480,5,6,Bergsturm
480,5,7,Llave Corsé
480,5,8,Tempestretta
480,5,9,Storm Throw
481,5,1,はじけるほのお
481,5,3,불꽃튀기기
481,5,5,Rebondifeu
481,5,6,Funkenflug
481,5,7,Pirotecnia
481,5,8,Pirolancio
481,5,9,Flame Burst
482,5,1,ヘドロウェーブ
482,5,3,오물웨이브
482,5,5,Cradovague
482,5,6,Schlammwoge
482,5,7,Onda Tóxica
482,5,8,Fangonda
482,5,9,Sludge Wave
483,5,1,ちょうのまい
483,5,3,나비춤
483,5,5,Papillodanse
483,5,6,Falterreigen
483,5,7,Danza Aleteo
483,5,8,Eledanza
483,5,9,Quiver Dance
484,5,1,ヘビーボンバー
484,5,3,헤비봄버
484,5,5,Tacle Lourd
484,5,6,Rammboss
484,5,7,Cuerpo Pesado
484,5,8,Pesobomba
484,5,9,Heavy Slam
485,5,1,シンクロノイズ
485,5,3,싱크로노이즈
485,5,5,Synchropeine
485,5,6,Synchrolärm
485,5,7,Sincrorruido
485,5,8,Sincrumore
485,5,9,Synchronoise
486,5,1,エレキボール
486,5,3,일렉트릭볼
486,5,5,Boule Élek
486,5,6,Elektroball
486,5,7,Bola Voltio
486,5,8,Energisfera
486,5,9,Electro Ball
487,5,1,みずびたし
487,5,3,물붓기
487,5,5,Détrempage
487,5,6,Überflutung
487,5,7,Anegar
487,5,8,Inondazione
487,5,9,Soak
488,5,1,ニトロチャージ
488,5,3,니트로차지
488,5,5,Nitrocharge
488,5,6,Nitroladung
488,5,7,Nitrocarga
488,5,8,Nitrocarica
488,5,9,Flame Charge
489,5,1,とぐろをまく
489,5,3,똬리틀기
489,5,5,Enroulement
489,5,6,Einrollen
489,5,7,Enrosque
489,5,8,Arrotola
489,5,9,Coil
490,5,1,ローキック
490,5,3,로킥
490,5,5,Balayette
490,5,6,Fußtritt
490,5,7,Puntapié
490,5,8,Calciobasso
490,5,9,Low Sweep
491,5,1,アシッドボム
491,5,3,애시드봄
491,5,5,Bombe Acide
491,5,6,Säurespeier
491,5,7,Bomba Ácida
491,5,8,Acidobomba
491,5,9,Acid Spray
492,5,1,イカサマ
492,5,3,속임수
492,5,5,Tricherie
492,5,6,Schmarotzer
492,5,7,Juego Sucio
492,5,8,Ripicca
492,5,9,Foul Play
493,5,1,シンプルビーム
493,5,3,심플빔
493,5,5,Rayon Simple
493,5,6,Wankelstrahl
493,5,7,Onda Simple
493,5,8,Ondisinvolta
493,5,9,Simple Beam
494,5,1,なかまづくり
494,5,3,동료만들기
494,5,5,Ten-danse
494,5,6,Zwango
494,5,7,Danza Amiga
494,5,8,Saltamicizia
494,5,9,Entrainment
495,5,1,おさきにどうぞ
495,5,3,당신먼저
495,5,5,Après Vous
495,5,6,Galanterie
495,5,7,Cede Paso
495,5,8,Cortesia
495,5,9,After You
496,5,1,りんしょう
496,5,3,돌림노래
496,5,5,Chant Canon
496,5,6,Kanon
496,5,7,Canon
496,5,8,Coro
496,5,9,Round
497,5,1,エコーボイス
497,5,3,에코보이스
497,5,5,Écho
497,5,6,Widerhall
497,5,7,Eco Voz
497,5,8,Echeggiavoce
497,5,9,Echoed Voice
498,5,1,なしくずし
498,5,3,야금야금
498,5,5,Attrition
498,5,6,Zermürben
498,5,7,Guardia Baja
498,5,8,Insidia
498,5,9,Chip Away
499,5,1,クリアスモッグ
499,5,3,클리어스모그
499,5,5,Bain de Smog
499,5,6,Klärsmog
499,5,7,Niebla Clara
499,5,8,Pulifumo
499,5,9,Clear Smog
500,5,1,アシストパワー
500,5,3,어시스트파워
500,5,5,Force Ajoutée
500,5,6,Kraftvorrat
500,5,7,Poder Reserva
500,5,8,Veicolaforza
500,5,9,Stored Power
501,5,1,ファストガード
501,5,3,퍼스트가드
501,5,5,Prévention
501,5,6,Rapidschutz
501,5,7,Anticipo
501,5,8,Anticipo
501,5,9,Quick Guard
502,5,1,サイドチェンジ
502,5,3,사이드체인지
502,5,5,Interversion
502,5,6,Seitentausch
502,5,7,Cambio Banda
502,5,8,Cambiaposto
502,5,9,Ally Switch
503,5,1,ねっとう
503,5,3,열탕
503,5,5,Ébullition
503,5,6,Siedewasser
503,5,7,Escaldar
503,5,8,Idrovampata
503,5,9,Scald
504,5,1,からをやぶる
504,5,3,껍질깨기
504,5,5,Exuviation
504,5,6,Hausbruch
504,5,7,Rompecoraza
504,5,8,Gettaguscio
504,5,9,Shell Smash
505,5,1,いやしのはどう
505,5,3,치유파동
505,5,5,Vibra Soin
505,5,6,Heilwoge
505,5,7,Pulso Cura
505,5,8,Ondasana
505,5,9,Heal Pulse
506,5,1,たたりめ
506,5,3,병상첨병
506,5,5,Châtiment
506,5,6,Bürde
506,5,7,Infortunio
506,5,8,Sciagura
506,5,9,Hex
507,5,1,フリーフォール
507,5,3,프리폴
507,5,5,Chute Libre
507,5,6,Freier Fall
507,5,7,Caída Libre
507,5,8,Cadutalibera
507,5,9,Sky Drop
508,5,1,ギアチェンジ
508,5,3,기어체인지
508,5,5,Chgt Vitesse
508,5,6,Gangwechsel
508,5,7,Cambio de Marcha
508,5,8,Cambiomarcia
508,5,9,Shift Gear
509,5,1,ともえなげ
509,5,3,배대뒤치기
509,5,5,Projection
509,5,6,Überkopfwurf
509,5,7,Llave Giro
509,5,8,Ribaltiro
509,5,9,Circle Throw
510,5,1,やきつくす
510,5,3,불태우기
510,5,5,Calcination
510,5,6,Einäschern
510,5,7,Calcinación
510,5,8,Bruciatutto
510,5,9,Incinerate
511,5,1,さきおくり
511,5,3,순서미루기
511,5,5,À la Queue
511,5,6,Verzögerung
511,5,7,Último Lugar
511,5,8,Spintone
511,5,9,Quash
512,5,1,アクロバット
512,5,3,애크러뱃
512,5,5,Acrobatie
512,5,6,Akrobatik
512,5,7,Acróbata
512,5,8,Acrobazia
512,5,9,Acrobatics
513,5,1,ミラータイプ
513,5,3,미러타입
513,5,5,Copie Type
513,5,6,Typenspiegel
513,5,7,Clonatipo
513,5,8,Riflettipo
513,5,9,Reflect Type
514,5,1,かたきうち
514,5,3,원수갚기
514,5,5,Vengeance
514,5,6,Heimzahlung
514,5,7,Represalia
514,5,8,Nemesi
514,5,9,Retaliate
515,5,1,いのちがけ
515,5,3,목숨걸기
515,5,5,Tout ou Rien
515,5,6,Wagemut
515,5,7,Sacrificio
515,5,8,Azzardo
515,5,9,Final Gambit
516,5,1,ギフトパス
516,5,3,기프트패스
516,5,5,Passe-Cadeau
516,5,6,Offerte
516,5,7,Ofrenda
516,5,8,Cediregalo
516,5,9,Bestow
517,5,1,れんごく
517,5,3,연옥
517,5,5,Feu d'Enfer
517,5,6,Inferno
517,5,7,Infierno
517,5,8,Marchiatura
517,5,9,Inferno
518,5,1,みずのちかい
518,5,3,물의맹세
518,5,5,Aire d'Eau
518,5,6,Wassersäulen
518,5,7,Voto Agua
518,5,8,Acquapatto
518,5,9,Water Pledge
519,5,1,ほのおのちかい
519,5,3,불꽃의맹세
519,5,5,Aire de Feu
519,5,6,Feuersäulen
519,5,7,Voto Fuego
519,5,8,Fiammapatto
519,5,9,Fire Pledge
520,5,1,くさのちかい
520,5,3,풀의맹세
520,5,5,Aire d'Herbe
520,5,6,Pflanzsäulen
520,5,7,Voto Planta
520,5,8,Erbapatto
520,5,9,Grass Pledge
521,5,1,ボルトチェンジ
521,5,3,볼트체인지
521,5,5,Change Éclair
521,5,6,Voltwechsel
521,5,7,Voltiocambio
521,5,8,Invertivolt
521,5,9,Volt Switch
522,5,1,むしのていこう
522,5,3,벌레의저항
522,5,5,Survinsecte
522,5,6,Käfertrutz
522,5,7,Estoicismo
522,5,8,Entomoblocco
522,5,9,Struggle Bug
523,5,1,じならし
523,5,3,땅고르기
523,5,5,Piétisol
523,5,6,Dampfwalze
523,5,7,Terratemblor
523,5,8,Battiterra
523,5,9,Bulldoze
524,5,1,こおりのいぶき
524,5,3,얼음숨결
524,5,5,Souffle Glacé
524,5,6,Eisesodem
524,5,7,Vaho Gélido
524,5,8,Alitogelido
524,5,9,Frost Breath
525,5,1,ドラゴンテール
525,5,3,드래곤테일
525,5,5,Draco-Queue
525,5,6,Drachenrute
525,5,7,Cola Dragón
525,5,8,Codadrago
525,5,9,Dragon Tail
526,5,1,ふるいたてる
526,5,3,분발
526,5,5,Rengorgement
526,5,6,Kraftschub
526,5,7,Avivar
526,5,8,Cuordileone
526,5,9,Work Up
527,5,1,エレキネット
527,5,3,일렉트릭네트
527,5,5,Toile Élek
527,5,6,Elektronetz
527,5,7,Electrotela
527,5,8,Elettrotela
527,5,9,Electroweb
528,5,1,ワイルドボルト
528,5,3,와일드볼트
528,5,5,Éclair Fou
528,5,6,Stromstoß
528,5,7,Voltio Cruel
528,5,8,Sprizzalampo
528,5,9,Wild Charge
529,5,1,ドリルライナー
529,5,3,드릴라이너
529,5,5,Tunnelier
529,5,6,Schlagbohrer
529,5,7,Taladradora
529,5,8,Giravvita
529,5,9,Drill Run
530,5,1,ダブルチョップ
530,5,3,더블촙
530,5,5,Double Baffe
530,5,6,Doppelhieb
530,5,7,Golpe Bis
530,5,8,Doppiocolpo
530,5,9,Dual Chop
531,5,1,ハートスタンプ
531,5,3,하트스탬프
531,5,5,Crève-Cœur
531,5,6,Herzstempel
531,5,7,Arrumaco
531,5,8,Cuorestampo
531,5,9,Heart Stamp
532,5,1,ウッドホーン
532,5,3,우드호른
532,5,5,Encornebois
532,5,6,Holzgeweih
532,5,7,Asta Drenaje
532,5,8,Legnicorno
532,5,9,Horn Leech
533,5,1,せいなるつるぎ
533,5,3,성스러운칼
533,5,5,Lame Sainte
533,5,6,Sanctoklinge
533,5,7,Espada Santa
533,5,8,Spadasolenne
533,5,9,Sacred Sword
534,5,1,シェルブレード
534,5,3,셸블레이드
534,5,5,Coquilame
534,5,6,Kalkklinge
534,5,7,Concha Filo
534,5,8,Conchilama
534,5,9,Razor Shell
535,5,1,ヒートスタンプ
535,5,3,히트스탬프
535,5,5,Tacle Feu
535,5,6,Brandstempel
535,5,7,Golpe Calor
535,5,8,Marchiafuoco
535,5,9,Heat Crash
536,5,1,グラスミキサー
536,5,3,그래스믹서
536,5,5,Phytomixeur
536,5,6,Grasmixer
536,5,7,Ciclón de Hojas
536,5,8,Vorticerba
536,5,9,Leaf Tornado
537,5,1,ハードローラー
537,5,3,하드롤러
537,5,5,Bulldoboule
537,5,6,Quetschwalze
537,5,7,Rodillo de Púas
537,5,8,Rulloduro
537,5,9,Steamroller
538,5,1,コットンガード
538,5,3,코튼가드
538,5,5,Cotogarde
538,5,6,Watteschild
538,5,7,Rizo Algodón
538,5,8,Cotonscudo
538,5,9,Cotton Guard
539,5,1,ナイトバースト
539,5,3,나이트버스트
539,5,5,Explonuit
539,5,6,Nachtflut
539,5,7,Pulso Noche
539,5,8,Urtoscuro
539,5,9,Night Daze
540,5,1,サイコブレイク
540,5,3,사이코브레이크
540,5,5,Frappe Psy
540,5,6,Psychostoß
540,5,7,Onda Mental
540,5,8,Psicobotta
540,5,9,Psystrike
541,5,1,スイープビンタ
541,5,3,스위프뺨치기
541,5,5,Plumo-Queue
541,5,6,Kehrschelle
541,5,7,Plumerazo
541,5,8,Spazzasberla
541,5,9,Tail Slap
542,5,1,ぼうふう
542,5,3,폭풍
542,5,5,Vent Violent
542,5,6,Orkan
542,5,7,Vendaval
542,5,8,Tifone
542,5,9,Hurricane
543,5,1,アフロブレイク
543,5,3,아프로브레이크
543,5,5,Peignée
543,5,6,Steinschädel
543,5,7,Ariete
543,5,8,Ricciolata
543,5,9,Head Charge
544,5,1,ギアソーサー
544,5,3,기어소서
544,5,5,Lancécrou
544,5,6,Klikkdiskus
544,5,7,Rueda Doble
544,5,8,Ingracolpo
544,5,9,Gear Grind
545,5,1,かえんだん
545,5,3,화염탄
545,5,5,Incendie
545,5,6,Flammenball
545,5,7,Bomba Ígnea
545,5,8,Sparafuoco
545,5,9,Searing Shot
546,5,1,テクノバスター
546,5,3,테크노버스터
546,5,5,TechnoBuster
546,5,6,Techblaster
546,5,7,Tecno Shock
546,5,8,Tecnobotto
546,5,9,Techno Blast
547,5,1,いにしえのうた
547,5,3,옛노래
547,5,5,Chant Antique
547,5,6,Urgesang
547,5,7,Canto Arcaico
547,5,8,Cantoantico
547,5,9,Relic Song
548,5,1,しんぴのつるぎ
548,5,3,신비의칼
548,5,5,Lame Ointe
548,5,6,Mystoschwert
548,5,7,Sable Místico
548,5,8,Spadamistica
548,5,9,Secret Sword
549,5,1,こごえるせかい
549,5,3,얼다세계
549,5,5,Ère Glaciaire
549,5,6,Eiszeit
549,5,7,Mundo Gélido
549,5,8,Gelamondo
549,5,9,Glaciate
550,5,1,らいげき
550,5,3,뇌격
550,5,5,Charge Foudre
550,5,6,Blitzschlag
550,5,7,Ataque Fulgor
550,5,8,Lucesiluro
550,5,9,Bolt Strike
551,5,1,あおいほのお
551,5,3,푸른불꽃
551,5,5,Flamme Bleue
551,5,6,Blauflammen
551,5,7,Llama Azul
551,5,8,Fuocoblu
551,5,9,Blue Flare
552,5,1,ほのおのまい
552,5,3,불꽃춤
552,5,5,Danse du Feu
552,5,6,Feuerreigen
552,5,7,Danza Llama
552,5,8,Voldifuoco
552,5,9,Fiery Dance
553,5,1,フリーズボルト
553,5,3,프리즈볼트
553,5,5,Éclair Gelé
553,5,6,Frostvolt
553,5,7,Rayo Gélido
553,5,8,Elettrogelo
553,5,9,Freeze Shock
554,5,1,コールドフレア
554,5,3,콜드플레어
554,5,5,Feu Glacé
554,5,6,Frosthauch
554,5,7,Llama Gélida
554,5,8,Vampagelida
554,5,9,Ice Burn
555,5,1,バークアウト
555,5,3,바크아웃
555,5,5,Aboiement
555,5,6,Standpauke
555,5,7,Alarido
555,5,8,Urlorabbia
555,5,9,Snarl
556,5,1,つららおとし
556,5,3,고드름떨구기
556,5,5,Chute Glace
556,5,6,Eiszapfhagel
556,5,7,Chuzos
556,5,8,Scagliagelo
556,5,9,Icicle Crash
557,5,1,Ｖジェネレート
557,5,3,V제너레이트
557,5,5,Coup Victoire
557,5,6,V-Generator
557,5,7,V de Fuego
557,5,8,Generatore V
557,5,9,V-create
558,5,1,クロスフレイム
558,5,3,크로스플레임
558,5,5,Flamme Croix
558,5,6,Kreuzflamme
558,5,7,Llama Fusión
558,5,8,Incrofiamma
558,5,9,Fusion Flare
559,5,1,クロスサンダー
559,5,3,크로스썬더
559,5,5,Éclair Croix
559,5,6,Kreuzdonner
559,5,7,Rayo Fusión
559,5,8,Incrotuono
559,5,9,Fusion Bolt
560,6,1,フライングプレス
560,6,3,플라잉프레스
560,6,5,Flying Press
560,6,6,Flying Press
560,6,7,Plancha Voladora
560,6,8,Schiacciatuffo
560,6,9,Flying Press
561,6,1,たたみがえし
561,6,3,마룻바닥세워막기
561,6,5,Tatamigaeshi
561,6,6,Tatami-Schild
561,6,7,Escudo Tatami
561,6,8,Ribaltappeto
561,6,9,Mat Block
562,6,1,ゲップ
562,6,3,트림
562,6,5,Éructation
562,6,6,Rülpser
562,6,7,Eructo
562,6,8,Rutto
562,6,9,Belch
563,6,1,たがやす
563,6,3,일구기
563,6,5,Fertilisation
563,6,6,Pflüger
563,6,7,Fertilizante
563,6,8,Aracampo
563,6,9,Rototiller
564,6,1,ねばねばネット
564,6,3,끈적끈적네트
564,6,5,Toile Gluante
564,6,6,Klebenetz
564,6,7,Red Viscosa
564,6,8,Rete Vischiosa
564,6,9,Sticky Web
565,6,1,とどめばり
565,6,3,마지막일침
565,6,5,Dard Mortel
565,6,6,Stachelfinale
565,6,7,Aguijón Letal
565,6,8,Pungiglione
565,6,9,Fell Stinger
566,6,1,ゴーストダイブ
566,6,3,고스트다이브
566,6,5,Hantise
566,6,6,Phantomkraft
566,6,7,Golpe Fantasma
566,6,8,Spettrotuffo
566,6,9,Phantom Force
567,6,1,ハロウィン
567,6,3,핼러윈
567,6,5,Halloween
567,6,6,Halloween
567,6,7,Halloween
567,6,8,Halloween
567,6,9,Trick-or-Treat
568,6,1,おたけび
568,6,3,부르짖기
568,6,5,Râle Mâle
568,6,6,Kampfgebrüll
568,6,7,Rugido de Guerra
568,6,8,Urlo
568,6,9,Noble Roar
569,6,1,プラズマシャワー
569,6,3,플라스마샤워
569,6,5,DélugePlasmique
569,6,6,Plasmaschauer
569,6,7,Cortina Plasma
569,6,8,Pioggiaplasma
569,6,9,Ion Deluge
570,6,1,パラボラチャージ
570,6,3,파라볼라차지
570,6,5,Parabocharge
570,6,6,Parabolladung
570,6,7,Carga Parábola
570,6,8,Caricaparabola
570,6,9,Parabolic Charge
571,6,1,もりののろい
571,6,3,숲의저주
571,6,5,Maléfice Sylvain
571,6,6,Waldesfluch
571,6,7,Condena Silvana
571,6,8,Boscomalocchio
571,6,9,Forest's Curse
572,6,1,はなふぶき
572,6,3,꽃보라
572,6,5,Tempête Florale
572,6,6,Blütenwirbel
572,6,7,Tormenta Floral
572,6,8,Fiortempesta
572,6,9,Petal Blizzard
573,6,1,フリーズドライ
573,6,3,프리즈드라이
573,6,5,Lyophilisation
573,6,6,Gefriertrockner
573,6,7,Liofilización
573,6,8,Liofilizzazione
573,6,9,Freeze-Dry
574,6,1,チャームボイス
574,6,3,차밍보이스
574,6,5,Voix Enjôleuse
574,6,6,Säuselstimme
574,6,7,Voz Cautivadora
574,6,8,Incantavoce
574,6,9,Disarming Voice
575,6,1,すてゼリフ
575,6,3,막말내뱉기
575,6,5,Dernier Mot
575,6,6,Abgangstirade
575,6,7,Última Palabra
575,6,8,Monito
575,6,9,Parting Shot
576,6,1,ひっくりかえす
576,6,3,뒤집어엎기
576,6,5,Renversement
576,6,6,Invertigo
576,6,7,Reversión
576,6,8,Sottosopra
576,6,9,Topsy-Turvy
577,6,1,ドレインキッス
577,6,3,드레인키스
577,6,5,Vampibaiser
577,6,6,Diebeskuss
577,6,7,Beso Drenaje
577,6,8,Assorbibacio
577,6,9,Draining Kiss
578,6,1,トリックガード
578,6,3,트릭가드
578,6,5,Vigilance
578,6,6,Trickschutz
578,6,7,Truco Defensa
578,6,8,Truccodifesa
578,6,9,Crafty Shield
579,6,1,フラワーガード
579,6,3,플라워가드
579,6,5,Garde Florale
579,6,6,Floraschutz
579,6,7,Defensa Floral
579,6,8,Fiordifesa
579,6,9,Flower Shield
580,6,1,グラスフィールド
580,6,3,그래스필드
580,6,5,Champ Herbu
580,6,6,Grasfeld
580,6,7,Campo de Hierba
580,6,8,Campo Erboso
580,6,9,Grassy Terrain
581,6,1,ミストフィールド
581,6,3,미스트필드
581,6,5,Champ Brumeux
581,6,6,Nebelfeld
581,6,7,Campo de Niebla
581,6,8,Campo Nebbioso
581,6,9,Misty Terrain
582,6,1,そうでん
582,6,3,송전
582,6,5,Électrisation
582,6,6,Elektrifizierung
582,6,7,Electrificación
582,6,8,Elettrocontagio
582,6,9,Electrify
583,6,1,じゃれつく
583,6,3,치근거리기
583,6,5,Câlinerie
583,6,6,Knuddler
583,6,7,Carantoña
583,6,8,Carineria
583,6,9,Play Rough
584,6,1,ようせいのかぜ
584,6,3,요정의바람
584,6,5,Vent Féérique
584,6,6,Feenbrise
584,6,7,Viento Feérico
584,6,8,Vento di Fata
584,6,9,Fairy Wind
585,6,1,ムーンフォース
585,6,3,문포스
585,6,5,Pouvoir Lunaire
585,6,6,Mondgewalt
585,6,7,Fuerza Lunar
585,6,8,Forza Lunare
585,6,9,Moonblast
586,6,1,ばくおんぱ
586,6,3,폭음파
586,6,5,Bang Sonique
586,6,6,Überschallknall
586,6,7,Estruendo
586,6,8,Ondaboato
586,6,9,Boomburst
587,6,1,フェアリーロック
587,6,3,페어리록
587,6,5,Verrou Enchanté
587,6,6,Feenschloss
587,6,7,Cerrojo Feérico
587,6,8,Blocco Fatato
587,6,9,Fairy Lock
588,6,1,キングシールド
588,6,3,킹실드
588,6,5,Bouclier Royal
588,6,6,Königsschild
588,6,7,Escudo Real
588,6,8,Scudo Reale
588,6,9,King's Shield
589,6,1,なかよくする
589,6,3,친해지기
589,6,5,Camaraderie
589,6,6,Kameradschaft
589,6,7,Camaradería
589,6,8,Simpatia
589,6,9,Play Nice
590,6,1,ないしょばなし
590,6,3,비밀이야기
590,6,5,Confidence
590,6,6,Vertrauenssache
590,6,7,Confidencia
590,6,8,Confidenza
590,6,9,Confide
591,6,1,ダイヤストーム
591,6,3,다이아스톰
591,6,5,Orage Adamantin
591,6,6,Diamantsturm
591,6,7,Torm. Diamantes
591,6,8,Diamantempesta
591,6,9,Diamond Storm
592,6,1,スチームバースト
592,6,3,스팀버스트
592,6,5,Jet de Vapeur
592,6,6,Dampfschwall
592,6,7,Chorro de Vapor
592,6,8,Vaporscoppio
592,6,9,Steam Eruption
593,6,1,いじげんホール
593,6,3,다른차원홀
593,6,5,TrouDimensionnel
593,6,6,Dimensionsloch
593,6,7,Paso Dimensional
593,6,8,Forodimensionale
593,6,9,Hyperspace Hole
594,6,1,みずしゅりけん
594,6,3,물수리검
594,6,5,Sheauriken
594,6,6,Wasser-Shuriken
594,6,7,Shuriken de Agua
594,6,8,Acqualame
594,6,9,Water Shuriken
595,6,1,マジカルフレイム
595,6,3,매지컬플레임
595,6,5,Feu Ensorcelé
595,6,6,Magieflamme
595,6,7,Llama Embrujada
595,6,8,Magifiamma
595,6,9,Mystical Fire
596,6,1,ニードルガード
596,6,3,니들가드
596,6,5,Pico-Défense
596,6,6,Schutzstacheln
596,6,7,Barrera Espinosa
596,6,8,Agodifesa
596,6,9,Spiky Shield
597,6,1,アロマミスト
597,6,3,아로마미스트
597,6,5,Brume Capiteuse
597,6,6,Duftwolke
597,6,7,Niebla Aromática
597,6,8,Nebularoma
597,6,9,Aromatic Mist
598,6,1,かいでんぱ
598,6,3,괴전파
598,6,5,Ondes Étranges
598,6,6,Mystowellen
598,6,7,Onda Anómala
598,6,8,Elettromistero
598,6,9,Eerie Impulse
599,6,1,ベノムトラップ
599,6,3,베놈트랩
599,6,5,Piège de Venin
599,6,6,Giftfalle
599,6,7,Trampa Venenosa
599,6,8,Velenotrappola
599,6,9,Venom Drench
600,6,1,ふんじん
600,6,3,분진
600,6,5,Nuée de Poudre
600,6,6,Pulverschleuder
600,6,7,Polvo Explosivo
600,6,8,Pulviscoppio
600,6,9,Powder
601,6,1,ジオコントロール
601,6,3,지오컨트롤
601,6,5,Géo-Contrôle
601,6,6,Geokontrolle
601,6,7,Geocontrol
601,6,8,Geocontrollo
601,6,9,Geomancy
602,6,1,じばそうさ
602,6,3,자기장조작
602,6,5,Magné-Contrôle
602,6,6,Magnetregler
602,6,7,Aura Magnética
602,6,8,Controllo Polare
602,6,9,Magnetic Flux
603,6,1,ハッピータイム
603,6,3,해피타임
603,6,5,Étrennes
603,6,6,Goldene Zeiten
603,6,7,Paga Extra
603,6,8,Cuccagna
603,6,9,Happy Hour
604,6,1,エレキフィールド
604,6,3,일렉트릭필드
604,6,5,Champ Électrifié
604,6,6,Elektrofeld
604,6,7,Campo Eléctrico
604,6,8,Campo Elettrico
604,6,9,Electric Terrain
605,6,1,マジカルシャイン
605,6,3,매지컬샤인
605,6,5,Éclat Magique
605,6,6,Zauberschein
605,6,7,Brillo Mágico
605,6,8,Magibrillio
605,6,9,Dazzling Gleam
606,6,1,おいわい
606,6,3,축하
606,6,5,Célébration
606,6,6,Ehrentag
606,6,7,Celebración
606,6,8,Auguri
606,6,9,Celebrate
607,6,1,てをつなぐ
607,6,3,손에손잡기
607,6,5,Mains Jointes
607,6,6,Händchenhalten
607,6,7,Manos Juntas
607,6,8,Mano nella Mano
607,6,9,Hold Hands
608,6,1,つぶらなひとみ
608,6,3,초롱초롱눈동자
608,6,5,Regard Touchant
608,6,6,Kulleraugen
608,6,7,Ojitos Tiernos
608,6,8,Occhioni Teneri
608,6,9,Baby-Doll Eyes
609,6,1,ほっぺすりすり
609,6,3,볼부비부비
609,6,5,Frotte-Frimousse
609,6,6,Wangenrubbler
609,6,7,Moflete Estático
609,6,8,Elettrococcola
609,6,9,Nuzzle
610,6,1,てかげん
610,6,3,적당히손봐주기
610,6,5,Retenue
610,6,6,Zurückhaltung
610,6,7,Clemencia
610,6,8,Riguardo
610,6,9,Hold Back
611,6,1,まとわりつく
611,6,3,엉겨붙기
611,6,5,Harcèlement
611,6,6,Plage
611,6,7,Acoso
611,6,8,Assillo
611,6,9,Infestation
612,6,1,グロウパンチ
612,6,3,그로우펀치
612,6,5,Poing Boost
612,6,6,Steigerungshieb
612,6,7,Puño Incremento
612,6,8,Crescipugno
612,6,9,Power-Up Punch
613,6,1,デスウイング
613,6,3,데스윙
613,6,5,Mort-Ailes
613,6,6,Unheilsschwingen
613,6,7,Ala Mortífera
613,6,8,Ali del Fato
613,6,9,Oblivion Wing
614,6,1,サウザンアロー
614,6,3,사우전드애로
614,6,5,Myria-Flèches
614,6,6,Tausend Pfeile
614,6,7,Mil Flechas
614,6,8,Mille Frecce
614,6,9,Thousand Arrows
615,6,1,サウザンウェーブ
615,6,3,사우전드웨이브
615,6,5,Myria-Vagues
615,6,6,Tausend Wellen
615,6,7,Mil Temblores
615,6,8,Mille Onde
615,6,9,Thousand Waves
616,6,1,グランドフォース
616,6,3,그라운드포스
616,6,5,Force Chtonienne
616,6,6,Bodengewalt
616,6,7,Fuerza Telúrica
616,6,8,Forza Tellurica
616,6,9,Land's Wrath
617,6,1,はめつのひかり
617,6,3,파멸의빛
617,6,5,Lumière du Néant
617,6,6,Lux Calamitatis
617,6,7,Luz Aniquiladora
617,6,8,Luce Nefasta
617,6,9,Light of Ruin
618,6,1,こんげんのはどう
618,6,5,Onde Originelle
618,6,6,Ursprungswoge
618,6,7,Pulso Primigenio
618,6,8,Primopulsar
618,6,9,Origin Pulse
619,6,1,だんがいのつるぎ
619,6,5,Lame Pangéenne
619,6,6,Abgrundsklinge
619,6,7,Filo del Abismo
619,6,8,Spade Telluriche
619,6,9,Precipice Blades
620,6,1,ガリョウテンセイ
620,6,5,Draco Ascension
620,6,6,Zenitstürmer
620,6,7,Ascenso Draco
620,6,8,Ascesa del Drago
620,6,9,Dragon Ascent
621,6,1,いじげんラッシュ
621,6,5,Furie Dimension
621,6,6,Dimensionswahn
621,6,7,Cerco Dimensión
621,6,8,Urtodimensionale
621,6,9,Hyperspace Fury
10001,3,1,ダークラッシュ
10001,3,5,Charge Noire
10001,3,6,Cryptoschlag
10001,3,7,Carga Oscura
10001,3,8,Ombroraffica
10002,3,1,ダークブラスト
10002,3,5,Aéro Noir
10002,3,6,Cryptostrahl
10002,3,7,Soplo Oscuro
10002,3,8,Ombrolame
10003,3,1,ダークアタック
10003,3,5,Assaut Noir
10003,3,6,Cryptoknall
10003,3,7,Vigor Oscuro
10003,3,8,Ombrattacco
10004,3,1,ダークサンダー
10004,3,5,Éclair Noir
10004,3,6,Cryptoblitz
10004,3,7,Rayo Oscuro
10004,3,8,Fulminombra
10005,3,1,ダークブレイク
10005,3,5,Bélier Noir
10005,3,6,Cryptohieb
10005,3,7,Brío Oscuro
10005,3,8,Ombrospinta
10006,3,1,ダークフリーズ
10006,3,5,Froid Noir
10006,3,6,Cryptofrost
10006,3,7,Hielo Oscuro
10006,3,8,Gelodombra
10007,3,1,ダークエンド
10007,3,5,Retour Noir
10007,3,6,Cryptoretour
10007,3,7,Fin Oscuro
10007,3,8,Fineoscuro
10008,3,1,ダークファイア
10008,3,5,Ardeur Noir
10008,3,6,Cryptofeuer
10008,3,7,Fuego Oscuro
10008,3,8,Fuocoscuro
10009,3,1,ダークレイブ
10009,3,5,Rage Noire
10009,3,6,Cryptobeben
10009,3,7,Rabia Oscura
10009,3,8,Ombrolancia
10010,3,1,ダークストーム
10010,3,5,Typhon Noir
10010,3,6,Cryptosturm
10010,3,7,Tifón Oscuro
10010,3,8,Turbinombra
10011,3,1,ダークウェーブ
10011,3,5,Ondo Noire
10011,3,6,Cryptowelle
10011,3,7,Onda Oscura
10011,3,8,Ondascura
10012,3,1,ダークダウン
10012,3,5,Souffle Noir
10012,3,6,Cryptobann
10012,3,7,Ocaso Oscuro
10012,3,8,Declinoscuro
10013,3,1,ダークハーフ
10013,3,5,Chute Noire
10013,3,6,Cryptozorn
10013,3,7,Mitad Oscura
10013,3,8,Iraoscura
10014,3,1,ダークホールド
10014,3,5,Blocage Noir
10014,3,6,Cryptofessel
10014,3,7,Traba Oscura
10014,3,8,Retedombra
10015,3,1,ダークミスト
10015,3,5,Brume Noire
10015,3,6,Cryptodunst
10015,3,7,Bruma Oscura
10015,3,8,Nebbiascura
10016,3,1,ダークパニック
10016,3,5,Folie Noire
10016,3,6,Cryptochaos
10016,3,7,Miedo Oscuro
10016,3,8,Ombrapanico
10017,3,1,ダークリムーブ
10017,3,5,Percée Noire
10017,3,6,Cryptobruch
10017,3,7,Muda Oscura
10017,3,8,Ombrannulla
10018,3,1,ダークウェザー
10018,3,5,Ciel Noir
10018,3,6,Cryptowetter
10018,3,7,Cielo Oscuro
10018,3,8,Cieloscuro
